RecordID,VehicleID,ServiceType,Date,Description
1,3,充电,2009-08-30,Allow throw defense difference American upon prepare.
2,2,换电,2014-03-15,Yard feeling chair watch.
3,66,维修,1972-06-20,Heart practice receive time whether every.
4,55,维修,1989-02-19,Beyond fight six evening down sort minute treatment.
5,43,维修,1984-08-13,Case meeting hope season throughout deep sit.
6,18,维修,1997-09-09,Student thought field explain beyond never attorney.
7,49,换电,1982-02-11,Station finish speak field democratic state role.
8,83,换电,1986-07-08,Win difficult street pretty.
9,66,维修,1998-07-25,Green organization entire.
10,57,换电,1998-02-07,Product radio pass economic either score whatever.
11,64,维修,1975-07-22,Shake wall stay good offer cup space.
12,57,换电,2023-01-13,Single difficult hot choose get ten force.
13,96,换电,1982-04-26,You teacher of need.
14,13,换电,2020-02-04,Maintain less foreign former particularly.
15,99,充电,2015-11-28,Moment lot itself tonight.
16,7,维修,1997-08-05,Bring various large million.
17,75,换电,1993-10-31,How inside majority maybe right game.
18,47,维修,2010-05-18,Yes player financial very own move stand.
19,90,换电,2008-08-01,Prove analysis matter everyone practice visit the.
20,97,维修,2016-12-02,Course line trouble else experience turn government.
21,10,充电,2008-12-19,Step activity responsibility.
22,12,维修,2015-05-23,News seem throughout enter look you reach.
23,54,换电,2007-10-26,Production have hour visit collection commercial show fast.
24,35,换电,1994-05-12,Kind food represent.
25,15,维修,1990-12-07,Painting of paper they heart left.
26,8,换电,1999-01-09,Nor pick sound house.
27,97,充电,2018-11-14,Prevent great on reason money vote.
28,86,维修,1970-07-23,Whom item herself use cultural later fill.
29,66,换电,2019-08-18,Participant smile character and car during.
30,88,充电,2007-01-14,Simple number show sing figure.
31,91,充电,1972-03-10,Remember shoulder two energy have.
32,93,换电,2022-01-02,Fly population bill mother more necessary.
33,56,维修,2021-10-28,Practice myself chair news.
34,88,换电,1999-09-02,Politics notice than cut community.
35,56,充电,2019-07-15,Use policy throw most message message third technology.
36,39,维修,2010-10-13,Very property husband full PM apply.
37,18,换电,2011-04-02,Support check task form oil president risk.
38,64,维修,1991-03-20,Million chair alone budget dream spring.
39,91,维修,2000-08-13,Pass war process court part.
40,80,换电,2020-12-20,Customer affect range mother before happy.
41,17,维修,1994-07-28,Everything enough hour power still against.
42,47,充电,1986-01-25,Your dream quality produce.
43,74,维修,1982-01-04,Tv food real phone film sense.
44,34,换电,2009-11-12,Body play sound own kind public study.
45,67,充电,1996-03-17,Consider nice history upon our.
46,19,充电,2007-01-30,Center ready collection high.
47,59,维修,1971-03-11,Develop center case manager together participant that laugh.
48,27,换电,1989-06-30,Five vote everyone indeed.
49,76,充电,2021-05-26,Fall son camera.
50,71,换电,2013-04-27,Reflect card rather market.
51,63,换电,1980-09-04,Participant much feel business work.
52,43,换电,2011-08-27,Imagine this policy.
53,77,维修,2008-09-26,Whether six arm upon describe.
54,1,维修,2016-09-15,More oil animal agreement push.
55,15,换电,1999-07-25,Idea building know individual.
56,94,维修,1998-03-26,Without policy theory region gas.
57,9,维修,1980-10-12,Tend kitchen response save.
58,65,维修,2002-07-16,Mr girl true help far high issue capital.
59,7,维修,1978-09-30,Job next consumer.
60,97,充电,2002-06-01,Big hotel son guy.
61,80,充电,2014-01-16,Space marriage detail.
62,16,充电,2017-04-13,Office few Mrs allow.
63,5,换电,1989-05-27,Rich start world including skin.
64,95,维修,1981-02-24,Organization red ever finally attack upon plan.
65,28,维修,1984-03-28,Cup list subject successful have base.
66,97,充电,1986-10-10,I opportunity trouble him quite on sure.
67,90,换电,1976-12-14,Real often both do serious though.
68,37,充电,1990-11-15,Floor threat which produce pass challenge.
69,23,维修,2020-11-07,Plant successful work option.
70,27,维修,1983-10-23,Wrong yourself drop really right find.
71,71,换电,1991-03-30,Similar speech discuss foot wait.
72,65,维修,1973-12-04,Letter student pass able his against about.
73,69,维修,1978-08-26,Specific or western.
74,48,充电,1985-01-05,Social response standard by really remain.
75,94,换电,2005-11-11,Under near plant nature claim begin fight.
76,80,换电,1985-11-09,Data night cultural guy science.
77,88,维修,1996-04-11,Science large myself ball network wide down.
78,51,维修,1995-08-02,Without hear officer certainly fund.
79,61,换电,2014-07-03,Summer audience hope make market include.
80,72,换电,1996-09-08,Left anyone wonder however.
81,6,充电,1985-03-24,How behavior fire.
82,56,充电,2005-04-14,Center politics true many action.
83,41,换电,2008-08-04,Their relationship relationship gun since which.
84,4,换电,1981-12-14,History state save win.
85,79,换电,1982-07-04,Former like head figure.
86,17,维修,1984-11-11,Wide act if step.
87,97,换电,1974-10-16,Next avoid while author center shoulder design.
88,23,维修,1977-04-07,Spring maintain full issue first.
89,79,维修,2020-07-12,Really idea if scientist.
90,75,维修,2006-09-26,Present indeed now myself same.
91,46,充电,2011-03-01,Tax player future lay coach.
92,10,充电,2000-11-13,Skin instead five begin create like TV.
93,13,维修,2013-11-07,Everybody sport foreign seat weight economy remember.
94,34,充电,1980-08-07,Suddenly perhaps issue win reach son.
95,21,换电,2004-12-06,Ground recently nation.
96,39,换电,1992-02-11,Clearly west next protect.
97,34,维修,2000-11-18,Plant off make.
98,67,充电,1998-12-11,Whatever pretty how former movement.
99,28,充电,1972-03-22,Those instead provide.
100,67,维修,2018-03-10,His almost reveal customer light.
