Name,Role,Email,Phone,Password
Xenodochial Keller,service,xenodochial keller1@example.com,9655119875,WLg^4O5n@*O<
Nervous Ritchie,sales,nervous ritchie2@example.com,6106467266,SUBpQ%-|fB*K
Jovial Zhukovsky,customer,jovial zhukovsky3@example.com,8942196642,T.]2-(0yy2R5
Unruffled Kowalevski,service,unruffled kowalevski4@example.com,6707458819,"GCH9A,P.kSxN"
Nifty Maxwell,service,nifty maxwell5@example.com,1840347848,"cs{N""4+n*W~["
Youthful Lehmann,sales,youthful lehmann6@example.com,0223516318,7FN{nR.b`7.v
Frosty Dewdney,customer,frosty dewdney7@example.com,9296798811,$!/k?X&-ZZ:5
Flamboyant Pasteur,customer,flamboyant pasteur8@example.com,7699585404,vSN3*#@9524}
Inspiring Chaplygin,sales,inspiring chaplygin9@example.com,4700750267,la9-i)P;(!Q!
Clever Boyd,sales,clever boyd10@example.com,7860818108,m=x11u((H)M%
Modest Williams,sales,modest williams11@example.com,4980299901,Y{i|}pu}2j;L
Xenodochial Hofstadter,service,xenodochial hofstadter12@example.com,6572876294,R(7uY:E8W#e\
Brave Sammet,service,brave sammet13@example.com,3907071908,;Gz{duQj/~G{
Compassionate Hamilton,customer,compassionate hamilton14@example.com,3413333406,/`*&b?$aaStG
Recursing Engelbart,sales,recursing engelbart15@example.com,7627944334,JloT5oi\_dc&
Affectionate Gauss,customer,affectionate gauss16@example.com,5644562335,^OKEA!MO+P~?
Hungry Solomon,service,hungry solomon17@example.com,9185172971,"hO!g""}~*d?U|"
Jolly Driscoll,service,jolly driscoll18@example.com,1660763168,WQsE]<J#Mz~1
Determined Fermi,service,determined fermi19@example.com,6297271662,K83Z;T'u=~m1
Distracted Hofstadter,service,distracted hofstadter20@example.com,3146597419,f/#B<N#4fE0r
Gallant Banzai,sales,gallant banzai21@example.com,8033832931,0NUryukl1UWs
Tender Bohr,sales,tender bohr22@example.com,4676018511,FITW~&0PZR\;
Gifted Taussig,customer,gifted taussig23@example.com,2263993137,x6|'FFP'dEBJ
Competent Banzai,customer,competent banzai24@example.com,0187569299,GDWpa%a{1xTe
Compassionate Moore,service,compassionate moore25@example.com,5553096071,sl}`W<+tsn~b
Laughing Khayyam,service,laughing khayyam26@example.com,1378200372,F{C?7YdFr2[M
Intelligent Hopper,service,intelligent hopper27@example.com,0231518026,{iIcgUI1):%O
Vigorous Easley,sales,vigorous easley28@example.com,0763892126,"{""6eprdXP&\y"
Upbeat Williamson,customer,upbeat williamson29@example.com,8193412017,Wa9NOP&2Ig!u
Vigilant Goldstine,service,vigilant goldstine30@example.com,1077593196,"B_p,n3l?)1S+"
Stupefied Chandrasekhar,customer,stupefied chandrasekhar31@example.com,8805239163,(>.(/l:E%'V>
Vigilant Greider,customer,vigilant greider32@example.com,3805843828,Zx{-9+:y#?UA
Wizardly Raman,service,wizardly raman33@example.com,8130797222,n'~O(zPkKzzL
Wonderful Montalcini,service,wonderful montalcini34@example.com,2536629518,j'|oXtSXws/[
Happy Ride,service,happy ride35@example.com,1249690950,Qk?i+xF%G6+3
Jolly Curran,service,jolly curran36@example.com,7808794964,G}U&Q*kG_;xt
Nostalgic Edison,service,nostalgic edison37@example.com,4719084151,#/lK98Bz/2lO
Vigilant Thompson,customer,vigilant thompson38@example.com,0679058932,9|ryp/qVP/K(
Dreamy Robinson,customer,dreamy robinson39@example.com,3598285318,"dwm""~qAKpn%Y"
Eager Carson,customer,eager carson40@example.com,7208323044,Q^<P&W97TQbC
Reverent Rosalind,sales,reverent rosalind41@example.com,5731502955,FLLflYB~/OI^
Eloquent Gould,sales,eloquent gould42@example.com,0803057345,ZkDp~'86(b'm
Cranky Brahmagupta,service,cranky brahmagupta43@example.com,9982277119,;4aq31r9n^LQ
Nifty Chatterjee,sales,nifty chatterjee44@example.com,5801863371,IB3imMbw$?03
Upbeat Ritchie,sales,upbeat ritchie45@example.com,8386151465,"]wT$8h3*y,23"
Festive Hofstadter,sales,festive hofstadter46@example.com,8231432860,y#h#078yN;db
Competent Vaughan,service,competent vaughan47@example.com,3059064420,"""SpS>SER)P,r"
Affectionate Saha,service,affectionate saha48@example.com,4693826168,UHXo4cn*7Ip|
Fervent Shockley,service,fervent shockley49@example.com,6390252368,d:T;e$Sus<BK
Funny Khorana,customer,funny khorana50@example.com,3767833499,"""F$WofdHWP0)"
Sleepy Jones,service,sleepy jones51@example.com,3850554502,"w{F-r7:^i""Qv"
Condescending Blackwell,customer,condescending blackwell52@example.com,6405555201,#YGtEiNw4^vx
Friendly Volhard,customer,friendly volhard53@example.com,5303390927,"]ha]mis""/>k_"
Hardcore Sutherland,customer,hardcore sutherland54@example.com,2364142135,(`H&Lg9&pD4]
Vibrant Bhabha,service,vibrant bhabha55@example.com,6366139481,PLLI&L_Fw}#Q
Beautiful Mclaren,service,beautiful mclaren56@example.com,4163428163,fz5\&_`p/aL|
Amazing Hugle,sales,amazing hugle57@example.com,8035162296,fHwnteY&fbNS
Musing Hertz,sales,musing hertz58@example.com,3591450532,6zqw6+46qB+1
Cranky Goodall,sales,cranky goodall59@example.com,1511345472,-yEH}SF63+}.
Admiring Taussig,service,admiring taussig60@example.com,5359511118,qBz'VnZ`W:o(
Awesome Mestorf,customer,awesome mestorf61@example.com,3743890324,"\q;"",1B>gKH9"
Competent Dijkstra,sales,competent dijkstra62@example.com,7874923277,3%83=VBaG[(n
Romantic Saha,customer,romantic saha63@example.com,0012370773,rF1!aQypMIz)
Distracted Galois,service,distracted galois64@example.com,1984033921,F:'7j*;M{hkA
Xenodochial Kapitsa,sales,xenodochial kapitsa65@example.com,6638494776,e=(^\m6OZCJp
Frosty Babbage,customer,frosty babbage66@example.com,7459518241,SsdGnN^!zT*O
Serene Meninsky,service,serene meninsky67@example.com,8328426515,[L[(<qA_[8:A
Vigorous Poitras,service,vigorous poitras68@example.com,7279220607,>YDG<uR9O2/8
Jolly Brown,customer,jolly brown69@example.com,5117061406,^D}N'!6T\=J-
Confident Easley,sales,confident easley70@example.com,9697691788,"aY_""4<&*G|Bn"
Awesome Herschel,service,awesome herschel71@example.com,9662373463,KD\4/d6Js->$
Adoring Swartz,sales,adoring swartz72@example.com,0523649891,p2Hfs^FGMnG$
Zealous Lamport,sales,zealous lamport73@example.com,5776991878,1@Y|R'0uVqyJ
Suspicious Roentgen,customer,suspicious roentgen74@example.com,8349084443,LqP7L~%x7uVl
Heuristic Moser,sales,heuristic moser75@example.com,2157825913,Pkqeq$=JikiJ
Upbeat Euler,service,upbeat euler76@example.com,5707206786,MP@1g?z@f#jy
Confident Vaughan,sales,confident vaughan77@example.com,8744480176,gsW{9R;xwlR2
Optimistic Solomon,customer,optimistic solomon78@example.com,5774677944,?:bH(Z2OR5MG
Kind Hopper,service,kind hopper79@example.com,2585450735,Ud{OQC3*wCT4
Bold Lehmann,sales,bold lehmann80@example.com,5156807615,hCTeCfHZH^.S
Youthful Ardinghelli,service,youthful ardinghelli81@example.com,5183953774,(aMY2NGA(/9s
Pedantic Rosalind,service,pedantic rosalind82@example.com,4504347557,"Y.J""H5k<LJW?"
Admiring Yalow,sales,admiring yalow83@example.com,4530743979,ZEK2-7/1Wl^a
Sad Wu,service,sad wu84@example.com,4280487755,-6A2:\M%K4|F
Cool Yalow,customer,cool yalow85@example.com,0998880073,2QX}zx90'KL[
Keen Varahamihira,service,keen varahamihira86@example.com,6396638361,"27?I\=3F9""?S"
Adoring Chebyshev,service,adoring chebyshev87@example.com,7380465501,cB3f~OZ`FpI(
Nice Borg,customer,nice borg88@example.com,4125648769,I(:*H;(4p{c%
Dreamy Wescoff,service,dreamy wescoff89@example.com,8981862586,"IPN0wGkN(2""`"
Optimistic Diffie,customer,optimistic diffie90@example.com,0392695518,]t^aP3J{@6+f
Hungry Bohr,service,hungry bohr91@example.com,7381520917,"\_}-cC:Lcm,\"
Admiring Easley,customer,admiring easley92@example.com,5346843523,"qOe?@V*""WaTt"
Cool Franklin,service,cool franklin93@example.com,6904409024,frWWlWz*aNb1
Admiring Moser,service,admiring moser94@example.com,6513279799,~$l+-#D<~#29
Lucid Engelbart,sales,lucid engelbart95@example.com,6998847076,"""/>|`WXfyj65"
Sharp Germain,sales,sharp germain96@example.com,5114642448,l<|BV}-$vYQ<
Wizardly Tharp,customer,wizardly tharp97@example.com,8569468118,Y&V9qHMn{TcH
Sleepy Villani,customer,sleepy villani98@example.com,1125179127,"gV(Fp`8*C5>"""
Hardcore Herschel,sales,hardcore herschel99@example.com,5217626159,LJ3i[8pgjgJ#
Ecstatic Hypatia,service,ecstatic hypatia100@example.com,7972944581,lhcjW}XN7zbz
Boring Tu,customer,boring tu101@example.com,6126038023,",XHpRE6h\Qv#"
Clever Hawking,sales,clever hawking102@example.com,4043150986,1%mU3P\XOUs.
Priceless Hopper,service,priceless hopper103@example.com,5863706408,0Kp5FBto!B%_
Jolly Saha,customer,jolly saha104@example.com,8258725552,{$YC.7fZ=12*
Competent Lumiere,sales,competent lumiere105@example.com,0097243018,;a2quihctkjS
Friendly Mahavira,service,friendly mahavira106@example.com,1082449855,>DFzJ~pnP:;n
Unruffled Chaum,service,unruffled chaum107@example.com,4572465517,vSCX\7R)0Gzg
Great Joliot,service,great joliot108@example.com,4546273766,y?7h19367;]:
Hungry Hypatia,sales,hungry hypatia109@example.com,3064792791,"a}Rdp6>+:e,R"
Youthful Tharp,customer,youthful tharp110@example.com,7523090993,+-4L>9P(vOWH
Optimistic Jackson,sales,optimistic jackson111@example.com,6824772655,1\rb03w7#YEw
Interesting Hamilton,customer,interesting hamilton112@example.com,3189510505,Q)c5L~!*^mq*
Serene Sinoussi,sales,serene sinoussi113@example.com,4821736881,TJG|Iz_cOJ>\
Vibrant Villani,sales,vibrant villani114@example.com,8235399034,RpouM~KKA1SS
Goofy Rhodes,customer,goofy rhodes115@example.com,7729753705,t0-A0o3^*V*9
Focused Bhaskara,service,focused bhaskara116@example.com,1909927407,|}6q|Wo|5bb>
Intelligent Joliot,sales,intelligent joliot117@example.com,7495860728,JyI]0ccUA{;}
Festive Ishizaka,sales,festive ishizaka118@example.com,8332786226,}&`^F0u'M_Wo
Sleepy Jackson,service,sleepy jackson119@example.com,5158755871,goTs/cYfB.|d
Naughty Borg,sales,naughty borg120@example.com,9150327597,.Q<E6BWQs?4m
Objective Aryabhata,customer,objective aryabhata121@example.com,9866823823,-FGbb&?qwRl/
Loving Williamson,service,loving williamson122@example.com,6072540555,"6Z`w@glt""pe$"
Zealous Hodgkin,service,zealous hodgkin123@example.com,9219899701,"P8pI**va""(j5"
Optimistic Hoover,sales,optimistic hoover124@example.com,0540237823,"sJD[jAW$lTU"""
Vigorous Taussig,customer,vigorous taussig125@example.com,7618898304,~42wZu&&:I+2
Hardcore Lalande,service,hardcore lalande126@example.com,9619740740,jh!(k{ZF13c:
Competent Elion,service,competent elion127@example.com,1055537444,(6>3+PX87d'z
Gallant Jones,service,gallant jones128@example.com,7130708120,D$UF$L<!*W+?
Loving Feistel,customer,loving feistel129@example.com,8587281910,~o4L7*~/E1JM
Optimistic Wescoff,customer,optimistic wescoff130@example.com,8382104156,</vq+9=%z%!0
Elated Hugle,sales,elated hugle131@example.com,0580069491,I){gUJqR]m}E
Sad Jackson,sales,sad jackson132@example.com,5202149154,srv))L.Hge|E
Boring Fermi,service,boring fermi133@example.com,6604308208,PJ$9F0HJmUNb
Ecstatic Cohen,customer,ecstatic cohen134@example.com,1296733155,"G,~GT$A.KDR]"
Trusting Mclaren,service,trusting mclaren135@example.com,2054500243,"Q}G""sEJ^H3]7"
Compassionate Margulis,sales,compassionate margulis136@example.com,9620910702,x\4%f=:Axr0P
Nostalgic Borg,sales,nostalgic borg137@example.com,7718931217,|g:jF@mExm#k
Romantic Bohr,sales,romantic bohr138@example.com,1857978852,BNHJ=Milr!Mm
Sweet Greider,sales,sweet greider139@example.com,9928146927,"M$&<M9,erglv"
Vigilant Lederberg,customer,vigilant lederberg140@example.com,4335173696,bmR70o`7t8Mf
Youthful Kare,service,youthful kare141@example.com,2378949121,wezJLLd5lL'L
Wizardly Taussig,sales,wizardly taussig142@example.com,7921033426,"euFY|""jBnHFp"
Elegant Panini,sales,elegant panini143@example.com,9356002631,t&yay~Ul<_1X
Clever Blackwell,customer,clever blackwell144@example.com,5242838666,|%JL7isH[_@W
Vigilant Shaw,customer,vigilant shaw145@example.com,4959471782,-9Z@*SprF||3
Competent Archimedes,sales,competent archimedes146@example.com,0177707416,9lV5x#N`|c~Q
Xenodochial Lederberg,sales,xenodochial lederberg147@example.com,8501222925,_:+dLC?7Rq1T
Vigilant Swanson,sales,vigilant swanson148@example.com,4006989879,y#DQ5:B}!b/p
Jovial Raman,service,jovial raman149@example.com,7154993134,0;($^)9bcBo`
Cranky Wilson,customer,cranky wilson150@example.com,2577195885,$FOdnfY$wl)0
Jovial Villani,service,jovial villani151@example.com,3840980638,z'L[v/s2{_`p
Reverent Cannon,service,reverent cannon152@example.com,0930378781,z3i|:~mSJe8c
Flamboyant Montalcini,sales,flamboyant montalcini153@example.com,0488826530,Qf/Z%R+U%rRI
Stoic Hamilton,service,stoic hamilton154@example.com,4422993761,"z7""*#gleG%@H"
Gifted Ramanujan,service,gifted ramanujan155@example.com,2738010063,h%:Aj$aYEkB?
Distracted Knuth,sales,distracted knuth156@example.com,8854050716,Ac]H:J_qzeZw
Magical Merkle,sales,magical merkle157@example.com,8206490121,!)/ZqqNk#A>k
Blissful Shamir,sales,blissful shamir158@example.com,3531129344,"5XBx""f@Z/1IQ"
Magical Haslett,customer,magical haslett159@example.com,8927780795,[Ka[{}`enJU`
Unruffled Black,sales,unruffled black160@example.com,2608269300,n>OOf'M~_i0~
Peaceful Wilbur,sales,peaceful wilbur161@example.com,9418360566,^m|C8qaAw'5z
Jovial Hugle,customer,jovial hugle162@example.com,5219917924,+ufKW.``*gsQ
Hardcore Meitner,customer,hardcore meitner163@example.com,2501605156,"GrQE,q!7xsA5"
Sleepy Booth,sales,sleepy booth164@example.com,9930872197,"\g%""]2,K&ySq"
Elastic Shockley,service,elastic shockley165@example.com,4453132509,>X|aM!urj?9o
Confident Buck,sales,confident buck166@example.com,1656471417,dP+^3H@/HnAk
Nostalgic Moser,sales,nostalgic moser167@example.com,2110853878,N7Y[/8K/VM5)
Elastic Raman,service,elastic raman168@example.com,0982372913,kh^)^OYp@h9/
Magical Elbakyan,sales,magical elbakyan169@example.com,3035081501,C]@3=K!AQ[)<
Dazzling Ishizaka,customer,dazzling ishizaka170@example.com,6134953518,=PGpw1hfwC6-
Amazing Payne,customer,amazing payne171@example.com,4403595739,QnW*LV[=eqN=
Heuristic Mcclintock,customer,heuristic mcclintock172@example.com,7454763246,2n%cfCbd1O5N
Xenodochial Feistel,service,xenodochial feistel173@example.com,6351677134,3ihSnDeIF+{w
Trusting Borg,sales,trusting borg174@example.com,0685075220,"x:4aoJ,i<!I@"
Unruffled Mclean,sales,unruffled mclean175@example.com,4609933340,"b)EoZ`]!E,vH"
Xenodochial Galileo,sales,xenodochial galileo176@example.com,2527636164,GYpJ^[h(l/=.
Thirsty Lichterman,sales,thirsty lichterman177@example.com,7547531105,l>F]K`Q(auk-
Jolly Stonebraker,customer,jolly stonebraker178@example.com,4149846632,">P`?iT9U,v#\"
Boring Franklin,sales,boring franklin179@example.com,1369413023,0%}|i1IfP_ii
Confident Cerf,service,confident cerf180@example.com,6935959073,CnEj[;Vd8mGT
Suspicious Volhard,service,suspicious volhard181@example.com,4520654183,/7@[\1[H%SSe
Sweet Mendel,sales,sweet mendel182@example.com,3276689523,"""_BvW#NdW*P~"
Charming Saha,customer,charming saha183@example.com,7471074607,*{^_mZKU/[gj
Zealous Visvesvaraya,service,zealous visvesvaraya184@example.com,3243949315,Fb())>>5Qdz0
Quirky Newton,service,quirky newton185@example.com,0615506747,r!=G.VobV02:
Sharp Rosalind,service,sharp rosalind186@example.com,4535900630,tO`0N&BV26t.
Zealous Sanderson,service,zealous sanderson187@example.com,6174492592,"_`b""Q@K0?pjs"
Agitated Burnell,sales,agitated burnell188@example.com,6935055986,.e;)fuUR9dib
Awesome Hermann,sales,awesome hermann189@example.com,5982252653,kY[NzP1Kv?l!
Wonderful Booth,service,wonderful booth190@example.com,5412034733,"Dd}Q;hP,jky4"
Naughty Edison,customer,naughty edison191@example.com,9036470685,njR#Jv~t#AO@
Unruffled Proskuriakova,customer,unruffled proskuriakova192@example.com,4106941734,eGW?)nql-k>V
Serene Gates,customer,serene gates193@example.com,0325858047,@b*AOpHbcCh]
Festive Volhard,service,festive volhard194@example.com,6993792908,i~)&g+olQd2Z
Clever Kowalevski,service,clever kowalevski195@example.com,7495570078,2v`<&j-mQYjX
Jolly Swirles,sales,jolly swirles196@example.com,4863429131,"""so=`RENso3{"
Keen Hodgkin,sales,keen hodgkin197@example.com,9170774116,"eaVftNP,~Gx&"
Charming Almeida,service,charming almeida198@example.com,2300999146,"T@K:&2@G.,X<"
Determined Black,service,determined black199@example.com,2881764667,O%-ji.-<8.Fw
Affectionate Taussig,customer,affectionate taussig200@example.com,4880223150,OS(cU~/>h87l
Recursing Keller,service,recursing keller201@example.com,7193351749,aqwxtG@DDDJ_
Peaceful Mayer,sales,peaceful mayer202@example.com,1619122303,_-Aq3^Ng61J`
Musing Dijkstra,service,musing dijkstra203@example.com,3808690414,B\yFU+D8l6Nn
Pedantic Wozniak,customer,pedantic wozniak204@example.com,5448172971,A.Xjk2Lkk6hM
Reverent Fermat,sales,reverent fermat205@example.com,8596979791,;}KC!/+E|w0)
Youthful Proskuriakova,sales,youthful proskuriakova206@example.com,4030424418,{1<_@=>;+G_#
Priceless Hodgkin,service,priceless hodgkin207@example.com,1737863448,!FdnLr2BDt:E
Determined Sanderson,customer,determined sanderson208@example.com,4051024544,fMbofrtq0[[~
Confident Beaver,customer,confident beaver209@example.com,7198445516,"BP>7,q=G%9=="
Competent Shockley,sales,competent shockley210@example.com,9568157048,kwVxCae1iNO(
Peaceful Gauss,customer,peaceful gauss211@example.com,5421007920,gHV_p)9J}4e0
Xenodochial Brahmagupta,sales,xenodochial brahmagupta212@example.com,5280981016,VwgU3!juvJL~
Quizzical Hermann,customer,quizzical hermann213@example.com,3362283931,"'pq,H7e""W{(K"
Naughty Galois,service,naughty galois214@example.com,2500567686,xa\nyudiHmY]
Serene Sinoussi,service,serene sinoussi215@example.com,8771450160,60J*=Nue{!$7
Eloquent Heisenberg,customer,eloquent heisenberg216@example.com,6918092328,{O3Pi]%!RG(s
Hardcore Cray,service,hardcore cray217@example.com,8121272895,"!%/&""%~.Fn6+"
Quirky Mclaren,sales,quirky mclaren218@example.com,6027168029,"]:)4Cqr4^y2,"
Adoring Fermat,service,adoring fermat219@example.com,4036751938,|kAqt$|eH;%k
Suspicious Maxwell,customer,suspicious maxwell220@example.com,8427578925,XjUg=4SE6+yz
Nice Ardinghelli,customer,nice ardinghelli221@example.com,1497973106,[<^bI}(tTD}*
Vigorous Khorana,customer,vigorous khorana222@example.com,3987640789,bdx[Ql(Ov}t!
Elastic Chandrasekhar,service,elastic chandrasekhar223@example.com,1308158165,N9eMv+p!=^d8
Xenodochial Hofstadter,customer,xenodochial hofstadter224@example.com,0559105616,M$aX3sA{]KZ2
Condescending Shamir,service,condescending shamir225@example.com,0038585185,"Gu[EPD`\95""="
Suspicious Visvesvaraya,service,suspicious visvesvaraya226@example.com,1027718372,]BiM3a1/p\9P
Thirsty Grothendieck,sales,thirsty grothendieck227@example.com,3029448035,q/DRfWJ`#6C|
Gifted Murdock,customer,gifted murdock228@example.com,0619397192,u<d`Iob^'/>C
Vigorous Fermat,service,vigorous fermat229@example.com,2043676314,>S]w/YT8_oY4
Suspicious Maxwell,service,suspicious maxwell230@example.com,1787830888,YGwKC'6C?[ja
Adoring Leavitt,service,adoring leavitt231@example.com,1840563791,#_Q=n=1{{7Ui
Adoring Cohen,customer,adoring cohen232@example.com,9475643539,"""!:R{W0_o'!S"
Intelligent Chandrasekhar,customer,intelligent chandrasekhar233@example.com,6060979475,"iZTYo#LX.:""c"
Festive Goldwasser,service,festive goldwasser234@example.com,9813268824,QzmsDb//HzT;
Inspiring Sutherland,customer,inspiring sutherland235@example.com,9948672994,>geeBs~Ya)>0
Optimistic Rubin,customer,optimistic rubin236@example.com,9859658016,6!CW%R8CY]Qy
Zen Shannon,sales,zen shannon237@example.com,1603126063,j!>H+<G|?NG?
Tender Lumiere,service,tender lumiere238@example.com,2630899971,d[7_|$M$EN<J
Serene Cartwright,service,serene cartwright239@example.com,7897457813,"GbgL`{LB<""LA"
Hardcore Williams,service,hardcore williams240@example.com,3975702551,"?rPN*R"".0}Nt"
Boring Kalam,service,boring kalam241@example.com,0508974449,"&]_|`4h""nAs."
Naughty Mirzakhani,service,naughty mirzakhani242@example.com,2583868513,MkC_#1^B=lG?
Jolly Joliot,customer,jolly joliot243@example.com,3638001485,;^Iw4(rYNmPk
Epic Austin,customer,epic austin244@example.com,8378826994,C.ZS?p'{ii}+
Ecstatic Kilby,customer,ecstatic kilby245@example.com,1406928808,C}Topao?$`8_
Stoic Chaplygin,sales,stoic chaplygin246@example.com,8645177768,"7?A(0p6tzT,."
Friendly Chandrasekhar,service,friendly chandrasekhar247@example.com,0350033413,M4]Y1to}9f.D
Cranky Antonelli,customer,cranky antonelli248@example.com,3350648121,t?[.t)Q`o2(E
Relaxed Zhukovsky,service,relaxed zhukovsky249@example.com,2271550727,"k4Zd""6Yh>UNc"
Interesting Vaughan,service,interesting vaughan250@example.com,7077080673,"2N\,7Dz%8a;Q"
Amazing Lehmann,customer,amazing lehmann251@example.com,2936414496,gB68v.nq0i4:
Gracious Meitner,service,gracious meitner252@example.com,4148349167,'dN<L\aPZP~y
Fervent Kepler,sales,fervent kepler253@example.com,2360178220,Yfx:T=B[3_zW
Quizzical Gauss,service,quizzical gauss254@example.com,1291705149,^L}01slYh9~<
Hungry Shockley,service,hungry shockley255@example.com,0380578177,dicO`qIql;{k
Quirky Lewin,service,quirky lewin256@example.com,8041784331,l|G]TVbC)P?3
Tender Bouman,customer,tender bouman257@example.com,5582884063,EMduW{8<^7X:
Romantic Meninsky,customer,romantic meninsky258@example.com,7809840633,y9ALS7%l(s3F
Recursing Gates,service,recursing gates259@example.com,0780594790,'7bNGL'&L(NS
Elegant Poincare,sales,elegant poincare260@example.com,7081760059,O/.ztn3QE4h=
Exciting Shockley,service,exciting shockley261@example.com,2435612973,O}Uo'<B)uG:[
Objective Shtern,sales,objective shtern262@example.com,8227799083,"@t7tUL-,O@nZ"
Funny Khorana,service,funny khorana263@example.com,0904216531,PH]un0G~SkZ\
Vigorous Clarke,customer,vigorous clarke264@example.com,4432893682,Z|Q#|`N;(~k)
Angry Ritchie,service,angry ritchie265@example.com,7170651008,ITCDj|]*<-jo
Gallant Morse,service,gallant morse266@example.com,5318256465,}v){$lxrFsiS
Vigorous Benz,service,vigorous benz267@example.com,7638821633,+^QK_SINFQOn
Condescending Moser,sales,condescending moser268@example.com,3770207241,",7$Fn>10^f!+"
Hungry Beaver,customer,hungry beaver269@example.com,1267262957,"n}AP0c-]m""FE"
Practical Jang,customer,practical jang270@example.com,8606796696,Ux=fJ:CDt|J_
Magical Williams,sales,magical williams271@example.com,1586364606,<]<F0KmUkA6F
Xenodochial Elgamal,service,xenodochial elgamal272@example.com,0925008194,jQpA6.J`]]yJ
Flamboyant Hoover,service,flamboyant hoover273@example.com,4136010996,9'U[T|x4U}p_
Pedantic Cohen,customer,pedantic cohen274@example.com,2040729342,~F+U_#:WFFmu
Thirsty Nobel,sales,thirsty nobel275@example.com,5003258999,+yGi=[~B{6Hq
Relaxed Haslett,customer,relaxed haslett276@example.com,7289310135,"L2%i\QU,2gd^"
Amazing Maxwell,sales,amazing maxwell277@example.com,6100371767,-og8op[Q>##>
Intelligent Blackwell,customer,intelligent blackwell278@example.com,4051570265,"&F""lG_m|^42?"
Priceless Buck,service,priceless buck279@example.com,3129149162,C/G-?W8uDP6]
Amazing Jemison,sales,amazing jemison280@example.com,0696069261,}E8op8rI0Y#[
Goofy Shirley,service,goofy shirley281@example.com,7499498389,"Cx^""&[@~TXwQ"
Cool Kirch,sales,cool kirch282@example.com,8302318161,"`o'`tU""cmHi\"
Condescending Mcnulty,sales,condescending mcnulty283@example.com,7664102732,[\SO'oTz/_SW
Charming Tesla,customer,charming tesla284@example.com,6770515201,Cr6^\CuMlU#6
Lucid Bartik,customer,lucid bartik285@example.com,4069600731,3-;Xr$y'iNbi
Adoring Golick,sales,adoring golick286@example.com,1152154584,G?h*615$_t@$
Jolly Carson,service,jolly carson287@example.com,5238063260,"?T,5n9%>knp?"
Elegant Dubinsky,sales,elegant dubinsky288@example.com,0491420174,"2b#~gK}T}Mi"""
Kind Williams,service,kind williams289@example.com,4184801891,IZdNiB\\idq-
Awesome Bose,service,awesome bose290@example.com,3520902720,56XFG8*.=HTp
Competent Mcclintock,sales,competent mcclintock291@example.com,8584805944,+VGC<VtkWGM\
Vigorous Bardeen,service,vigorous bardeen292@example.com,0141241613,v<AtUIb4R`xq
Musing Jackson,sales,musing jackson293@example.com,3284495067,"""gpHJF=R%JH,"
Hopeful Turing,service,hopeful turing294@example.com,2354885050,"VC%*?fXC{""#]"
Recursing Wright,service,recursing wright295@example.com,4811039623,"ml:xcf,q1NpP"
Fervent Albattani,customer,fervent albattani296@example.com,3153076499,;Z[S3cpqw@FO
Priceless Engelbart,sales,priceless engelbart297@example.com,0564985522,nF>k]i~L#fgX
Eloquent Goodall,customer,eloquent goodall298@example.com,5555470597,vzMn{Fn(:WiB
Cool Boyd,sales,cool boyd299@example.com,3519073940,&%Yhg4s|h#]3
Naughty Hamilton,service,naughty hamilton300@example.com,1067880275,v0!MP'vSu5|l
Eager Franklin,customer,eager franklin301@example.com,4681683131,'Ad3a]AlU~v}
Sweet Pasteur,sales,sweet pasteur302@example.com,6314800923,00vKr~NA:Xin
Mystifying Sutherland,sales,mystifying sutherland303@example.com,4277717629,9Ls>H)r4{#e1
Wonderful Villani,sales,wonderful villani304@example.com,4914405029,4iN_DQHhzzP?
Dreamy Proskuriakova,sales,dreamy proskuriakova305@example.com,9059436634,"o>t({,`C3p_3"
Romantic Blackburn,customer,romantic blackburn306@example.com,5852909844,"xW""4.c)gw;~A"
Objective Mclaren,customer,objective mclaren307@example.com,4352132221,"[4dHR3!;2""gP"
Vigorous Babbage,sales,vigorous babbage308@example.com,8978859213,d8u!}lqT46JB
Exciting Shannon,service,exciting shannon309@example.com,7514219736,GKp$LAi7Zbst
Busy Ride,sales,busy ride310@example.com,9087220763,0[iRL-_L6lRF
Competent Varahamihira,service,competent varahamihira311@example.com,1365042022,"6hij?\""k2AJK"
Gifted Brown,sales,gifted brown312@example.com,5155752622,k4&U|.OFiOAH
Lucid Hermann,customer,lucid hermann313@example.com,2221720644,"`RGQOH>4n>"","
Gallant Panini,service,gallant panini314@example.com,3070117743,"rFo9""h3S4Kb"""
Intelligent Curran,customer,intelligent curran315@example.com,0685665731,('*H(m9xj|b&
Nifty Leakey,sales,nifty leakey316@example.com,1008198782,!nYH?Bu0|&1M
Intelligent Heyrovsky,customer,intelligent heyrovsky317@example.com,7547274330,cFupV`1S'^?J
Interesting Easley,customer,interesting easley318@example.com,3071012731,\~:/\tuwpt%$
Quirky Haslett,customer,quirky haslett319@example.com,5947199116,zrkxW5E9:@:D
Pedantic Raman,service,pedantic raman320@example.com,6246674528,=4#7^9Ik+)Cm
Objective Banach,service,objective banach321@example.com,3011160217,"zmkk-)QQQ/""f"
Agitated Mclaren,customer,agitated mclaren322@example.com,6651895176,KeWtECrutwLb
Gallant Sammet,customer,gallant sammet323@example.com,7280637573,[(4K%qM%aB5R
Exciting Elion,service,exciting elion324@example.com,0719304573,B\ibfXKli?Pd
Pensive Greider,sales,pensive greider325@example.com,7259338097,<}?zv<LuN$$D
Inspiring Shirley,customer,inspiring shirley326@example.com,5709487343,k{.O=]xZ^{N\
Wonderful Blackburn,service,wonderful blackburn327@example.com,7653998594,!Co_$WHeXe=V
Jovial Neumann,service,jovial neumann328@example.com,0713215818,H[0+6O4rmDKD
Angry Agnesi,customer,angry agnesi329@example.com,6062276230,Zrz#f~Bj#@+v
Naughty Visvesvaraya,service,naughty visvesvaraya330@example.com,7236199983,":""@]@""O#:98#"
Condescending Stonebraker,sales,condescending stonebraker331@example.com,2604194520,49t+l=f~NLyJ
Recursing Jepsen,sales,recursing jepsen332@example.com,9145313831,"P&$5q;dhtK,P"
Vigilant Bardeen,sales,vigilant bardeen333@example.com,9453719857,F:9l\Q|a?ySa
Adoring Moore,service,adoring moore334@example.com,9350079180,uCT>G?f<;J;?
Romantic Brown,customer,romantic brown335@example.com,6036724673,"a~I#0,/3?M{C"
Suspicious Mclean,customer,suspicious mclean336@example.com,1548961638,mW!-pX{U\+M$
Condescending Swartz,customer,condescending swartz337@example.com,3843895236,xh}mo^F}0.=_
Interesting Haslett,sales,interesting haslett338@example.com,8952625852,i^yLVZwA:NxE
Friendly Volhard,sales,friendly volhard339@example.com,0032240971,'Z+@/ED^Nt{;
Cool Moser,service,cool moser340@example.com,5416855128,{gTt=)4cE;tU
Sleepy Panini,service,sleepy panini341@example.com,8702498841,.:q%5TFFLMS<
Agitated Proskuriakova,service,agitated proskuriakova342@example.com,0502437228,+}E6_k{8N?bJ
Kind Newton,customer,kind newton343@example.com,3032909890,v#tvgT{EauD7
Zealous Lalande,customer,zealous lalande344@example.com,4391404534,`BD-%E]9pt9A
Sharp Robinson,sales,sharp robinson345@example.com,1353842772,:Awr%$?{T3mf
Stupefied Shtern,sales,stupefied shtern346@example.com,6377035616,O7'KFBF%VuJ-
Ecstatic Buck,sales,ecstatic buck347@example.com,9255890024,h8h65jG'%4r)
Kind Nobel,customer,kind nobel348@example.com,6531015529,~EwR8gJI]_CG
Frosty Satoshi,sales,frosty satoshi349@example.com,0158057115,X!/q)xRV9D;^
Hungry Hypatia,service,hungry hypatia350@example.com,4005337724,"s.Y,Vhy&D=MQ"
Hungry Carson,sales,hungry carson351@example.com,3219977306,swc&S@\mo]hk
Reverent Stonebraker,sales,reverent stonebraker352@example.com,6035477273,Q?k=t0?:H2wd
Eager Sanderson,service,eager sanderson353@example.com,6694208535,P50IPCGM'x3H
Admiring Wright,customer,admiring wright354@example.com,8127329557,=RdkkS(5;w:#
Great Darwin,sales,great darwin355@example.com,9940557473,ke#)otdJ2vbu
Jovial Feistel,customer,jovial feistel356@example.com,0106846354,TLFKP0Q[Fq3I
Goofy Fermi,service,goofy fermi357@example.com,7911885573,ukBU!`qy.;o`
Kind Wiles,sales,kind wiles358@example.com,8902055638,Kv6+^[<q0Vzk
Tender Pasteur,service,tender pasteur359@example.com,7779819527,%8D{/x\/@omN
Distracted Jennings,customer,distracted jennings360@example.com,1191942360,"e[VM&""[/eGC#"
Objective Sammet,sales,objective sammet361@example.com,0547722319,~I]wv7ddf)li
Frosty Ganguly,sales,frosty ganguly362@example.com,6112074874,b\W5(4Z;B7F'
Determined Nobel,sales,determined nobel363@example.com,3233032760,glHO0m<<&OP6
Gallant Curran,sales,gallant curran364@example.com,7952435938,NKfp$*_J(U\~
Objective Saha,service,objective saha365@example.com,4135458372,sM6CKbqQEg>h
Crazy Neumann,sales,crazy neumann366@example.com,5275733451,J-{R(hkt/v5:
Elastic Moser,sales,elastic moser367@example.com,7569454913,z'E([_NN3kP(
Wizardly Borg,service,wizardly borg368@example.com,4826933591,pZE9DHc'rwLw
Goofy Darwin,customer,goofy darwin369@example.com,2995003986,::TWN}ZE/Luv
Nervous Villani,customer,nervous villani370@example.com,1102385430,DD._LV}A2F>.
Gallant Edison,service,gallant edison371@example.com,9194613373,4+(E>;QRY/Dc
Kind Mendel,service,kind mendel372@example.com,7197255037,IFY9;!<VMvor
Compassionate Nash,service,compassionate nash373@example.com,0770552624,"-WU""3CZ/5'jw"
Zen Hodgkin,customer,zen hodgkin374@example.com,2294198930,_{l-L/A61h7#
Busy Euclid,customer,busy euclid375@example.com,9307268002,"8],x.s]q2p='"
Determined Elbakyan,sales,determined elbakyan376@example.com,3476474888,14wqkQ<e7J(C
Wizardly Hodgkin,service,wizardly hodgkin377@example.com,1792078353,*Fx4Vn:Y!gvn
Cranky Cohen,sales,cranky cohen378@example.com,4119425949,L4H*t4K[v&=D
Fervent Kepler,sales,fervent kepler379@example.com,1965302882,WsU6|Z*R-LiO
Exciting Tereshkova,customer,exciting tereshkova380@example.com,4851901718,r=Cpcjm~$IP{
Determined Allen,customer,determined allen381@example.com,9681327105,3Si+}>1;+EvJ
Jolly Cori,customer,jolly cori382@example.com,0821865651,";4c1u[.""t+Ar"
Quizzical Chebyshev,sales,quizzical chebyshev383@example.com,4148662991,F/DDr~bPXN(/
Elastic Nobel,sales,elastic nobel384@example.com,6198809979,2KAA:R4ox|+3
Elegant Ganguly,service,elegant ganguly385@example.com,2499192990,6W}2_bJE0WIN
Trusting Mclean,customer,trusting mclean386@example.com,2862743244,cOU/~2W?U!cH
Laughing Hodgkin,sales,laughing hodgkin387@example.com,4000903720,d#6yA#ggse.>
Lucid Noyce,service,lucid noyce388@example.com,4268093452,f{![<Wj/|?AC
Romantic Borg,service,romantic borg389@example.com,7960247649,z7w>7oqkG1>s
Frosty Lederberg,sales,frosty lederberg390@example.com,6911254252,.RkN6Yf.5SO:
Fervent Booth,sales,fervent booth391@example.com,6271591209,W59GbIC:-E>A
Relaxed Bose,service,relaxed bose392@example.com,9801671581,G4wP8#UBx>RF
Charming Driscoll,service,charming driscoll393@example.com,7788542156,.KG~KPvYkg(*
Amazing Franklin,service,amazing franklin394@example.com,4267841127,"JuN!JtAX,LK,"
Lucid Galileo,service,lucid galileo395@example.com,3173085545,43=aw!o|~Px#
Suspicious Vaughan,service,suspicious vaughan396@example.com,3752544504,"@HBCd5#^*""uu"
Ecstatic Heisenberg,customer,ecstatic heisenberg397@example.com,2844991758,!fe3p*&0t4`G
Crazy Agnesi,sales,crazy agnesi398@example.com,5089860002,AVU{'nPRSQzN
Elastic Poitras,customer,elastic poitras399@example.com,4511563860,t?:!|)[hZ`+L
Peaceful Kepler,customer,peaceful kepler400@example.com,9062396627,"~(.X>,*4""S""v"
Pedantic Lewin,sales,pedantic lewin401@example.com,5084415566,@WCB%waoD3<L
Upbeat Dewdney,customer,upbeat dewdney402@example.com,8893261557,~8~oh:L^XJlW
Blissful Germain,sales,blissful germain403@example.com,6806231998,Qodo/p(5:vvP
Strange Brattain,service,strange brattain404@example.com,2853873070,'n0*\=)=w#VB
Zealous Chaum,sales,zealous chaum405@example.com,4827852682,`Q!'xf%xh0x[
Distracted Nash,customer,distracted nash406@example.com,5927168038,"|U](L(=V-i""7"
Objective Thompson,service,objective thompson407@example.com,2347506758,=1ZhuT?~#rnT
Dazzling Solomon,customer,dazzling solomon408@example.com,5259899103,kQ3/1y9GN)/A
Condescending Euclid,customer,condescending euclid409@example.com,6360890803,"u""ox=[wzIF]y"
Zen Buck,sales,zen buck410@example.com,3336230915,7FU^8A(*<sZ1
Pensive Elion,customer,pensive elion411@example.com,1382906767,l=(x;!GVc.j~
Eager Noether,sales,eager noether412@example.com,1704828592,`7TBaU7fE*&U
Nifty Swirles,service,nifty swirles413@example.com,1768862768,xU:%C{Hs!CL:
Pedantic Heisenberg,service,pedantic heisenberg414@example.com,4506180867,ff4hq=M*6zi=
Hungry Dubinsky,service,hungry dubinsky415@example.com,0954172715,'EpTo28D_/(%
Practical Almeida,service,practical almeida416@example.com,7970524225,O8|tjaptokVe
Serene Faraday,customer,serene faraday417@example.com,4205963647,-5:Wd3VZh3dM
Frosty Kowalevski,service,frosty kowalevski418@example.com,3428777656,q@@Vlr@2z>R^
Silly Mayer,service,silly mayer419@example.com,1294807094,"""wqy*4KO)sty"
Competent Jang,service,competent jang420@example.com,6788275500,{z*LL4}?UcK~
Jovial Black,service,jovial black421@example.com,1454696410,$uV<8t(T0O+Y
Nervous Napier,customer,nervous napier422@example.com,8892997757,"!,>UY!eOHkeW"
Nervous Germain,sales,nervous germain423@example.com,0533307747,dOqxk5RQEg}0
Admiring Banach,customer,admiring banach424@example.com,0673767932,)N5V/Yh.n{jj
Gallant Tharp,customer,gallant tharp425@example.com,0486547465,(5_cp`6{/@':
Eloquent Darwin,sales,eloquent darwin426@example.com,9482915333,][Pd:\3J&Q*$
Friendly Elgamal,sales,friendly elgamal427@example.com,3959845393,WfZx``O0^fta
Priceless Jepsen,service,priceless jepsen428@example.com,3745857045,`OYsAUJ<t~bL
Silly Mahavira,service,silly mahavira429@example.com,8611902818,"""G_h%g<m18i^"
Happy Pare,service,happy pare430@example.com,6119536408,NZs$rb?><1D|
Compassionate Roentgen,service,compassionate roentgen431@example.com,1631038122,hi=gOheQLc?_
Heuristic Maxwell,sales,heuristic maxwell432@example.com,3274240656,"T|rNj""4>Tux)"
Hungry Hertz,service,hungry hertz433@example.com,4629604873,Zhv@wqlg*Zsg
Stupefied Heisenberg,service,stupefied heisenberg434@example.com,8176546199,"{@?r&`""x$AW,"
Trusting Shirley,sales,trusting shirley435@example.com,8953089321,!w#iyz$/v8aP
Eager Galileo,service,eager galileo436@example.com,1152200914,W\dQ.W9OqoBc
Stoic Hypatia,customer,stoic hypatia437@example.com,9680352875,UVzB<3>}/EW>
Elated Tu,service,elated tu438@example.com,6420338107,"?)|J[/#7""x5l"
Vigilant Euclid,customer,vigilant euclid439@example.com,6185885772,0N_9OUi2Pu!9
Naughty Sammet,customer,naughty sammet440@example.com,3342072017,7&]PauhoY0BF
Condescending Easley,sales,condescending easley441@example.com,0472626730,-PT*fxsdy@g.
Eager Johnson,customer,eager johnson442@example.com,7085913132,kN>nF!#TDN7o
Hungry Nobel,service,hungry nobel443@example.com,2862586830,",lt*xQ^ZD;`z"
Quirky Ardinghelli,service,quirky ardinghelli444@example.com,0078664645,);9yUE<qV&Gd
Pensive Sutherland,customer,pensive sutherland445@example.com,2879801546,|N^8^NK#VK`K
Sad Shirley,service,sad shirley446@example.com,3170670238,!MW5CTr*'t]s
Stupefied Dewdney,sales,stupefied dewdney447@example.com,7505563430,9!BrVTyB3&oO
Condescending Keller,service,condescending keller448@example.com,0215274637,<T7[C*%x$q<8
Ecstatic Williams,sales,ecstatic williams449@example.com,3690499254,"@hj""C]:""3c2i"
Funny Fermi,customer,funny fermi450@example.com,8183000285,"L~!4j=dO1,*3"
Clever Dubinsky,sales,clever dubinsky451@example.com,6481010903,v`C+|{TFu$Sq
Charming Rhodes,service,charming rhodes452@example.com,2815778087,k#~wp-S6*.W2
Stoic Merkle,sales,stoic merkle453@example.com,8729135621,B/MPer9.^KGm
Focused Blackwell,service,focused blackwell454@example.com,7275784176,$}=~+=<-XR=w
Pedantic Mirzakhani,service,pedantic mirzakhani455@example.com,0984384593,HZ&J&j.@KH&3
Pedantic Lewin,service,pedantic lewin456@example.com,8600141555,"g,`)Qu=8epfD"
Vibrant Turing,customer,vibrant turing457@example.com,9425277452,h:o[EwCRd'D9
Recursing Pare,sales,recursing pare458@example.com,3653605593,^ke\i7\]80D@
Gracious Brahmagupta,customer,gracious brahmagupta459@example.com,4015899048,`jh}e#*Sj[@S
Stoic Torvalds,service,stoic torvalds460@example.com,5114121963,aN[c/NT8|ct\
Xenodochial Kare,sales,xenodochial kare461@example.com,6898722559,0`79JFVxbC'X
Great Bhabha,sales,great bhabha462@example.com,3819671647,"9KK#ezN,VpOc"
Heuristic Diffie,service,heuristic diffie463@example.com,3860375444,"Z+W5|,_#J=NV"
Beautiful Cannon,customer,beautiful cannon464@example.com,0001457550,tKT{Soo0sEvk
Beautiful Heisenberg,customer,beautiful heisenberg465@example.com,8744915460,gmREcJvj`PkH
Frosty Robinson,service,frosty robinson466@example.com,5172345914,A+V9/|jE;tz&
Unruffled Hamilton,customer,unruffled hamilton467@example.com,9830012995,",c5ef1=|)/=m"
Pensive Lamport,sales,pensive lamport468@example.com,5908725823,4Lx?v.rhHm5-
Friendly Goldberg,customer,friendly goldberg469@example.com,2205830177,[6e8FPuB[cA>
Jovial Ride,sales,jovial ride470@example.com,3719337493,s3l0#G>ONM5}
Goofy Heyrovsky,customer,goofy heyrovsky471@example.com,5958273349,sAB/-GpiJpRh
Boring Spence,customer,boring spence472@example.com,7707005339,F}IhB:esHDXq
Dreamy Mahavira,customer,dreamy mahavira473@example.com,9746666937,Y3$gKCJJF1Su
Cranky Borg,sales,cranky borg474@example.com,0635687552,H=nS$K^n[e[F
Stoic Almeida,service,stoic almeida475@example.com,4552473615,<rozPq%@U&6p
Eloquent Fermat,customer,eloquent fermat476@example.com,7987415893,^?}kAT-eeM?m
Naughty Shannon,service,naughty shannon477@example.com,4253958097,\b417.DMz<df
Stupefied Albattani,customer,stupefied albattani478@example.com,0725659197,Izt+E{-pJd;+
Silly Ride,sales,silly ride479@example.com,4073781404,-dLD-3;B?9-d
Hopeful Babbage,sales,hopeful babbage480@example.com,3841738363,7R&ZAX$%0Fk\
Compassionate Haslett,customer,compassionate haslett481@example.com,4862976143,~r^wk^Z^?OKM
Elated Engelbart,sales,elated engelbart482@example.com,4868114647,GvD#Ji/C8<Vv
Focused Wilbur,service,focused wilbur483@example.com,4080288922,?A#(_ug-;yj#
Boring Kilby,customer,boring kilby484@example.com,2989758292,Z2r7!MT'mDun
Agitated Montalcini,sales,agitated montalcini485@example.com,4631919908,^1}<0Ra\c{Mf
Amazing Robinson,customer,amazing robinson486@example.com,5777880480,@vO4>[uQW?S8
Serene Murdock,customer,serene murdock487@example.com,4216972769,K~i@]U\C8/qS
Optimistic Ardinghelli,customer,optimistic ardinghelli488@example.com,7036910123,mKDblnO}-v:v
Relaxed Joliot,sales,relaxed joliot489@example.com,9546668939,w|[xee)xMTL~
Eager Ritchie,service,eager ritchie490@example.com,0198909476,:GRVGEETfwpR
Cool Pike,customer,cool pike491@example.com,1492993305,"Tb)Qww:H,;ov"
Lucid Mclean,sales,lucid mclean492@example.com,7307300079,|FN_hVZ]3atR
Happy Hermann,customer,happy hermann493@example.com,8643955129,~YXJZP\C@HLJ
Adoring Lumiere,sales,adoring lumiere494@example.com,3291646334,-.I&)@]Ycka?
Dazzling Galileo,sales,dazzling galileo495@example.com,9621256460,x+2f$8dJ0p9w
Peaceful Elion,sales,peaceful elion496@example.com,3332230554,50sSScy^Rp)C
Zealous Kare,service,zealous kare497@example.com,5888614670,-8csmAeF\t3o
Exciting Faraday,service,exciting faraday498@example.com,7629502605,on+3:+5#!M-2
Trusting Almeida,customer,trusting almeida499@example.com,9993217172,k!Jn6mznU*XP
Dreamy Wescoff,customer,dreamy wescoff500@example.com,2484997529,e9e*gIqYG-b.
Gallant Albattani,customer,gallant albattani501@example.com,5805987558,O1i6!flP{_h\
Elated Babbage,sales,elated babbage502@example.com,0453703347,"STWGOx""1wV(%"
Exciting Kirch,service,exciting kirch503@example.com,2921078862,&x/Z=WtY&DEK
Nostalgic Morse,service,nostalgic morse504@example.com,7401676931,;/#:`p1k_dcn
Practical Burnell,customer,practical burnell505@example.com,8143703064,4Hgf>UP$l6=K
Romantic Goldberg,customer,romantic goldberg506@example.com,7872980627,l^<Gh5@%L[^{
Sharp Gagarin,service,sharp gagarin507@example.com,8191094558,F^+5z@yqRg7>
Blissful Gould,service,blissful gould508@example.com,6691416749,Q)Szl|p5DC&&
Busy Hermann,service,busy hermann509@example.com,1618752234,"}{Ju<{]`|yW,"
Gifted Thompson,service,gifted thompson510@example.com,1314531313,tNN!`HCnYFP5
Boring Meninsky,customer,boring meninsky511@example.com,1321923272,eO$$?Zr7-8aU
Ecstatic Khorana,sales,ecstatic khorana512@example.com,1110630392,"8e""/UI8L:d""@"
Recursing Golick,sales,recursing golick513@example.com,4148312263,2Hj3dt:WG$iU
Frosty Swartz,service,frosty swartz514@example.com,5103576030,!<[:4e_->.~=
Dazzling Franklin,sales,dazzling franklin515@example.com,0122661893,0M6t#:850Dc/
Great Fermi,customer,great fermi516@example.com,1038258624,"vCKb[""$B8f.x"
Infallible Kirch,service,infallible kirch517@example.com,1479803822,-p8!`Pd#TQ:s
Pedantic Chatterjee,service,pedantic chatterjee518@example.com,0878782487,>8Pzx(4Io%|/
Romantic Brattain,service,romantic brattain519@example.com,0724143421,x3yyvGZ){#x#
Modest Hodgkin,customer,modest hodgkin520@example.com,5878504183,xJ?2{@XXE+mp
Stoic Liskov,service,stoic liskov521@example.com,6482210170,]G}[yS\JE#J]
Gallant Benz,service,gallant benz522@example.com,7879273418,u(T{`lC]KXh|
Great Mclaren,service,great mclaren523@example.com,0186344431,Y#K>|B46qZz9
Zealous Stonebraker,sales,zealous stonebraker524@example.com,4187178323,F4$+Z.UIaRgw
Cranky Booth,service,cranky booth525@example.com,6739387333,~Y|uj/DX1^V}
Beautiful Roentgen,customer,beautiful roentgen526@example.com,6551503940,$~msW/x~[Ge:
Unruffled Spence,service,unruffled spence527@example.com,2050264992,pD[.5fO2H5;r
Magical Thompson,customer,magical thompson528@example.com,9997345792,"""Pksn]I8f>)<"
Angry Mahavira,sales,angry mahavira529@example.com,2334696775,cBv^51Vlqx<'
Stupefied Joliot,sales,stupefied joliot530@example.com,4789188611,Dxz:'VJ!).f&
Priceless Hawking,sales,priceless hawking531@example.com,1447115238,5g5WdlvVENPJ
Lucid Cohen,sales,lucid cohen532@example.com,7900004984,Qpnc$Z$x2\<3
Trusting Wilson,customer,trusting wilson533@example.com,9649774768,BgDR:h&\wXJg
Inspiring Morse,customer,inspiring morse534@example.com,5204378860,-'u~Ob*t(3rB
Beautiful Neumann,service,beautiful neumann535@example.com,4199230708,7Uk#g'@Ttv}l
Blissful Mcnulty,customer,blissful mcnulty536@example.com,7966962171,HzpICg)bFkK2
Suspicious Chatelet,service,suspicious chatelet537@example.com,1732672237,"!H(p9>Z&U?U,"
Romantic Roentgen,sales,romantic roentgen538@example.com,3320566851,[*-iU\y*p}HH
Nervous Murdock,sales,nervous murdock539@example.com,4748524630,m*KlR}wxF<Rh
Zen Engelbart,customer,zen engelbart540@example.com,1272643660,_{%<9y*?y{|a
Nostalgic Margulis,customer,nostalgic margulis541@example.com,7039115192,=rj)>QczJhS{
Quizzical Zhukovsky,sales,quizzical zhukovsky542@example.com,2742985931,KALYpK&8MGR(
Practical Mestorf,customer,practical mestorf543@example.com,3684914913,j?#b9#[2@?v8
Strange Sammet,service,strange sammet544@example.com,3459957288,"1_^E,aVCZ4xQ"
Keen Gates,customer,keen gates545@example.com,3302452077,5E~O<=9Oc_}g
Clever Wilbur,service,clever wilbur546@example.com,3759312379,",W_zoA/g#k&Z"
Flamboyant Cannon,customer,flamboyant cannon547@example.com,5293193006,"%""%sJ$BVU-,<"
Bold Cori,customer,bold cori548@example.com,6570718441,""">*rV\nk]>XB"
Awesome Mayer,customer,awesome mayer549@example.com,5984152936,W{VtwT@0HnY#
Festive Wright,service,festive wright550@example.com,1053095922,"sX{>#dO,""ws*"
Recursing Wright,service,recursing wright551@example.com,3280721387,YmR/l*K@X=Mh
Objective Mayer,service,objective mayer552@example.com,8905557179,PF|rz:b8M|kI
Trusting Sinoussi,sales,trusting sinoussi553@example.com,1396529116,"w<M!0],K.epr"
Crazy Keldysh,customer,crazy keldysh554@example.com,9312593250,\pA`9A5kq][#
Strange Euclid,service,strange euclid555@example.com,6180179876,X`O^8eJ.PRn^
Nostalgic Ritchie,customer,nostalgic ritchie556@example.com,7232399900,HU`AEk:;y\Wc
Unruffled Moore,service,unruffled moore557@example.com,1162529912,"WR""2@_R(|VNB"
Upbeat Elgamal,service,upbeat elgamal558@example.com,8985689485,tzGIDFX-&)xb
Mystifying Robinson,service,mystifying robinson559@example.com,7027647839,"(,h9\82w)3E:"
Trusting Varahamihira,service,trusting varahamihira560@example.com,9020314911,"z(*Fy_wj""bUX"
Laughing Agnesi,sales,laughing agnesi561@example.com,0415236613,"\Yvyc$(s>V,O"
Beautiful Mendel,service,beautiful mendel562@example.com,5180154007,a1zc[Kjf~(;)
Admiring Wright,service,admiring wright563@example.com,6829155014,$g2\XJ*nWIrj
Jovial Newton,customer,jovial newton564@example.com,5862630270,#-_R\88X/I>d
Awesome Heisenberg,customer,awesome heisenberg565@example.com,4467861435,Vb*KSv\IW0Z(
Wonderful Bohr,service,wonderful bohr566@example.com,0955572771,d!h3L8C7g`a)
Crazy Matsumoto,sales,crazy matsumoto567@example.com,7209946148,w/%WAH7aH*_$
Sleepy Tereshkova,customer,sleepy tereshkova568@example.com,3926649031,5>IO6e~BTSf`
Priceless Elbakyan,service,priceless elbakyan569@example.com,6823385719,"er""o:@ddy#?C"
Condescending Pike,service,condescending pike570@example.com,6122897767,bL|I?nBA)wPb
Nervous Faraday,sales,nervous faraday571@example.com,1087491666,56F>}h|*n0*I
Festive Haslett,customer,festive haslett572@example.com,9905080194,uv=H4y)rkFt2
Charming Poincare,customer,charming poincare573@example.com,1645077739,1&TF_N;+V)i6
Keen Shirley,sales,keen shirley574@example.com,7675928908,"!""PMIoa0LrI|"
Focused Hodgkin,customer,focused hodgkin575@example.com,7813115556,1N6J?T?@FiG@
Great Payne,customer,great payne576@example.com,0024197315,VHmGO7*YM2uF
Quirky Northcutt,service,quirky northcutt577@example.com,3561903945,[!=#~_XHuoDU
Brave Blackwell,customer,brave blackwell578@example.com,4674182311,_C$F`dmxnzXO
Gallant Stonebraker,sales,gallant stonebraker579@example.com,0024271652,ceD_TkG'R*3<
Peaceful Liskov,sales,peaceful liskov580@example.com,1730021045,"^NF_+G~^k$|,"
Bold Mcclintock,service,bold mcclintock581@example.com,8561764449,fG=FyJ<*%eQH
Elated Shamir,service,elated shamir582@example.com,5864602835,eMtYkL[;F<JC
Adoring Ride,customer,adoring ride583@example.com,8990013092,+0kl~qGV[1rv
Exciting Sinoussi,sales,exciting sinoussi584@example.com,1589655903,"^[5i#_\xA#B"""
Blissful Elgamal,service,blissful elgamal585@example.com,7027903709,0TmYuu/6)ZIR
Nervous Merkle,customer,nervous merkle586@example.com,8905754486,"Ae#Ws7M\""n2T"
Dazzling Lalande,service,dazzling lalande587@example.com,0902469338,G`}P(auSmp@}
Jovial Torvalds,customer,jovial torvalds588@example.com,4347001386,0}nNE3}'9LQK
Eager Knuth,service,eager knuth589@example.com,2366257719,>1bMb/`5(0po
Infallible Wilson,sales,infallible wilson590@example.com,9737770546,AXb%5Bba$OdA
Determined Proskuriakova,sales,determined proskuriakova591@example.com,2705860297,:~n\2`/%}x5)
Admiring Grothendieck,sales,admiring grothendieck592@example.com,3866713849,GIl$5qrbb+d^
Competent Tereshkova,customer,competent tereshkova593@example.com,8746232067,MHw+f]d31p2B
Vigorous Bell,sales,vigorous bell594@example.com,0662311010,<#7nN#AiuLc5
Eloquent Snyder,service,eloquent snyder595@example.com,1177028050,`};S&0&/Tg3F
Zealous Lichterman,sales,zealous lichterman596@example.com,5747792913,"[2,3M{p&oD/j"
Cranky Chaplygin,service,cranky chaplygin597@example.com,0742364372,5RVnT1*<4V36
Nostalgic Hermann,customer,nostalgic hermann598@example.com,8358117802,"'m/g!4+%'-,R"
Relaxed Feistel,sales,relaxed feistel599@example.com,6849531837,+f5vJ]iWgaKM
Hardcore Chandrasekhar,sales,hardcore chandrasekhar600@example.com,8269748375,"=[J^,-\p`>DV"
Happy Benz,customer,happy benz601@example.com,2939808442,N#9u95_^/+MD
Distracted Murdock,customer,distracted murdock602@example.com,0133277058,CqfR/8#Vy_mX
Fervent Lovelace,sales,fervent lovelace603@example.com,4420339875,v?{~gqZF+OIo
Wizardly Saha,sales,wizardly saha604@example.com,6602110512,}xTnym7%CR;]
Admiring Mirzakhani,service,admiring mirzakhani605@example.com,6196857472,$k]8j{h7i%t~
Jovial Goldberg,service,jovial goldberg606@example.com,5772873801,"rS""2C8'F%+9w"
Ecstatic Knuth,service,ecstatic knuth607@example.com,0107721874,l\3Yp)Gqt)jz
Thirsty Clarke,customer,thirsty clarke608@example.com,1461966138,tVR/SJVnr?0e
Youthful Liskov,sales,youthful liskov609@example.com,0545055210,haB%U_8#|N|D
Romantic Gauss,service,romantic gauss610@example.com,1068210723,"Y1*eSA""$V<NE"
Agitated Williams,service,agitated williams611@example.com,9563967850,~Nuh8E#dY%@Y
Admiring Dirac,service,admiring dirac612@example.com,3342658865,W4lRq_A#PhB4
Blissful Rhodes,service,blissful rhodes613@example.com,3942977136,";c(jM""=T-<""&"
Jovial Grothendieck,customer,jovial grothendieck614@example.com,0778650208,"|`fj`Q6hKU,E"
Hardcore Dhawan,sales,hardcore dhawan615@example.com,6668450507,a!W8r\J66{5g
Quizzical Yalow,sales,quizzical yalow616@example.com,6671270002,{Hnl7`;GPZUA
Nervous Stonebraker,service,nervous stonebraker617@example.com,8807208659,/RV6cW5Y_'bo
Stupefied Maxwell,sales,stupefied maxwell618@example.com,3512280387,je1tLxa#3!TL
Clever Bell,sales,clever bell619@example.com,3079964518,bPVZ!tTEw?4Q
Nifty Colden,service,nifty colden620@example.com,8828679406,:z=Bcw3v_ZTD
Beautiful Tesla,sales,beautiful tesla621@example.com,8518909435,"ENUG!)HZkn~"""
Infallible Pare,sales,infallible pare622@example.com,1582451099,?F.c%(!'r_&!
Charming Pike,customer,charming pike623@example.com,6359811609,!Qd&6}FYVVPu
Stupefied Khayyam,customer,stupefied khayyam624@example.com,7048099631,Ng}EGq()A4B<
Lucid Antonelli,sales,lucid antonelli625@example.com,0753557576,/eO|gA23_eVI
Pensive Kalam,service,pensive kalam626@example.com,2807709463,u[j-xR2:OxoL
Nostalgic Ptolemy,service,nostalgic ptolemy627@example.com,6346517338,pzWT'X]Z]q+K
Angry Moser,customer,angry moser628@example.com,7779447251,"{v$mC&+H06""Z"
Heuristic Morse,customer,heuristic morse629@example.com,6684819665,5EHwbLU4zUFY
Epic Faraday,service,epic faraday630@example.com,1172252753,w9%h~/VDzxFT
Affectionate Torvalds,sales,affectionate torvalds631@example.com,0738890415,&w9f#5#tW/C/
Wizardly Ellis,customer,wizardly ellis632@example.com,3419524257,7^4?-8H}>@T8
Elegant Moser,sales,elegant moser633@example.com,2957605817,Ui-i6#kveEzy
Admiring Dijkstra,customer,admiring dijkstra634@example.com,2878897626,0]nqL{DdsO+H
Magical Beaver,customer,magical beaver635@example.com,8523673453,#zU(ma^Z&wo>
Pedantic Lewin,service,pedantic lewin636@example.com,7933218882,".S2{~5""?V/h="
Kind Archimedes,customer,kind archimedes637@example.com,1998838893,B=JiyAbN1D&+
Flamboyant Morse,service,flamboyant morse638@example.com,6987379763,"!,n-SgzpO;Qo"
Admiring Mccarthy,customer,admiring mccarthy639@example.com,6642799143,"7^Ij}|fgR,&k"
Pensive Zhukovsky,service,pensive zhukovsky640@example.com,2136405048,1LtDwGb4IBC/
Serene Leakey,customer,serene leakey641@example.com,9820637930,",@fB*V}u+^X`"
Amazing Chandrasekhar,service,amazing chandrasekhar642@example.com,2031523603,>o`nuqElmP<a
Practical Cray,sales,practical cray643@example.com,9737549785,rc!5zhT/>Qio
Hardcore Jemison,service,hardcore jemison644@example.com,8843702550,Th:i&JMV>x[[
Elegant Bose,sales,elegant bose645@example.com,9159439782,u~hr5]nG1Wr:
Focused Wiles,customer,focused wiles646@example.com,9081257976,^GQsUgIo/GLp
Unruffled Nash,customer,unruffled nash647@example.com,7671180584,"O,$JR?c!=|8<"
Confident Villani,sales,confident villani648@example.com,7081550000,Ln%<gDb9lGTl
Hopeful Feynman,sales,hopeful feynman649@example.com,8452164971,EH*$t$-NteV;
Practical Engelbart,service,practical engelbart650@example.com,7399368672,e.K#rg=)|)q9
Determined Hermann,sales,determined hermann651@example.com,5849933183,(0r<5`y#KmuX
Sad Gould,customer,sad gould652@example.com,2454482082,'T{(R.J[aV_A
Gracious Raman,sales,gracious raman653@example.com,9553841717,:F-t1K2YYG@;
Happy Ritchie,sales,happy ritchie654@example.com,6753939432,"R\,~uZir_%VW"
Great Davinci,service,great davinci655@example.com,2114581417,_x<*AEeSC]/E
Pensive Hugle,customer,pensive hugle656@example.com,0461011128,:nK9/o`+~N_j
Upbeat Allen,sales,upbeat allen657@example.com,8009037502,FG7lbXD;P;9;
Angry Thompson,customer,angry thompson658@example.com,2906292467,"0""ZH8Ij]MR,2"
Epic Kilby,sales,epic kilby659@example.com,4782863847,d>/e{eDQ}R2k
Elated Hofstadter,customer,elated hofstadter660@example.com,6257838486,_|CBn^zp<.>A
Jolly Bhaskara,sales,jolly bhaskara661@example.com,8125041123,>(97slw+fQZc
Gallant Goodall,service,gallant goodall662@example.com,9854243198,=zRBB8X[dV#R
Unruffled Lederberg,sales,unruffled lederberg663@example.com,8551842125,i7ks$S}Bmo-o
Frosty Beaver,service,frosty beaver664@example.com,6378738881,"6KA]Le#Njn,r"
Frosty Rhodes,sales,frosty rhodes665@example.com,2606805592,+GJT581%9?tF
Pensive Davinci,sales,pensive davinci666@example.com,7719707048,u1z54h:`Dl5D
Wonderful Cray,sales,wonderful cray667@example.com,7607807124,&gQ&T6L2Nkkd
Youthful Benz,sales,youthful benz668@example.com,6697946464,<NpBo7*I!{Rw
Dreamy Ardinghelli,sales,dreamy ardinghelli669@example.com,7381391184,C>r(=LYl-5Yo
Tender Wilson,service,tender wilson670@example.com,2062738495,p.n0)t9xt*au
Musing Saha,customer,musing saha671@example.com,8156335423,^\DJuX~8q:?B
Elastic Sammet,customer,elastic sammet672@example.com,0754832154,b\%N'yv3[^h#
Festive Mahavira,customer,festive mahavira673@example.com,5345995595,+PBi*?Ufw[]j
Sweet Goodall,sales,sweet goodall674@example.com,3202997181,2~0O79mIEyni
Heuristic Carson,customer,heuristic carson675@example.com,7293323680,3y;K.SF>_?J\
Xenodochial Lovelace,service,xenodochial lovelace676@example.com,2411185235,j8O<6M1|Ew[b
Frosty Chebyshev,sales,frosty chebyshev677@example.com,1685284902,9'`v)D!@0:1m
Gracious Easley,service,gracious easley678@example.com,2096460517,",wssFqe""A1Zr"
Flamboyant Kowalevski,customer,flamboyant kowalevski679@example.com,6204562081,"lRTT\""E`U!5_"
Cranky Haslett,sales,cranky haslett680@example.com,0214384834,0R36hPS+gT\e
Suspicious Pike,service,suspicious pike681@example.com,1442336145,"{F*6@qWQ4,0b"
Sad Kirch,sales,sad kirch682@example.com,9377336635,"@I:#8<v]""o*b"
Epic Chebyshev,service,epic chebyshev683@example.com,2747106899,^Ms\htM\PBd4
Condescending Davinci,service,condescending davinci684@example.com,7658291465,N!:wdH!37rZ=
Bold Lamarr,customer,bold lamarr685@example.com,4439489597,i'JQ!RxGMKf!
Distracted Nash,customer,distracted nash686@example.com,8783772508,=u0-X<#EVuRN
Awesome Lovelace,service,awesome lovelace687@example.com,1445745033,150K.`)y=Vph
Mystifying Cannon,sales,mystifying cannon688@example.com,9059641294,q{7=<My*dEAP
Fervent Payne,customer,fervent payne689@example.com,2062793215,K(`8Q/lr'+;T
Gifted Dubinsky,sales,gifted dubinsky690@example.com,0979259068,#NDi)-)i.%4d
Musing Shamir,service,musing shamir691@example.com,3081293998,">f?w{r,n?TS*"
Fervent Hofstadter,customer,fervent hofstadter692@example.com,7152741632,"s:H,|Me0E58u"
Mystifying Hermann,customer,mystifying hermann693@example.com,2377141154,k}~b3xj}`IX%
Musing Austin,customer,musing austin694@example.com,9405089028,pcWMf9>TnN<x
Sweet Feistel,service,sweet feistel695@example.com,6920529432,2F#^wA{{!DzG
Elegant Driscoll,sales,elegant driscoll696@example.com,7139290484,Vv&29$04EwT2
Distracted Kowalevski,service,distracted kowalevski697@example.com,0320339311,+b#uVeW1Ri|w
Cranky Shtern,service,cranky shtern698@example.com,2988338067,WCM:!F|+5d+g
Brave Wright,service,brave wright699@example.com,3914731113,Q8RH*$*^)pWt
Agitated Moore,service,agitated moore700@example.com,2312204931,5A<&$pAZWquX
Reverent Satoshi,sales,reverent satoshi701@example.com,8990869875,tW~iKl?)J<ub
Great Murdock,sales,great murdock702@example.com,3265163383,d1:lp.s>.L=U
Nice Pare,service,nice pare703@example.com,2233088319,w0P<'wW>T]NI
Adoring Torvalds,customer,adoring torvalds704@example.com,5319349696,S2CpF\7iP%VJ
Eager Dewdney,customer,eager dewdney705@example.com,2081534660,*yXm-9FWw}no
Recursing Jennings,sales,recursing jennings706@example.com,7093325151,M9lW~GE|c.'w
Charming Stonebraker,sales,charming stonebraker707@example.com,1662195781,B_Pz<hC(<zO+
Eloquent Nightingale,sales,eloquent nightingale708@example.com,6920574843,"F}`,d""A0TKW/"
Trusting Montalcini,service,trusting montalcini709@example.com,3685172100,[9%tS@e}e#ek
Zealous Shannon,customer,zealous shannon710@example.com,9771933700,"/CaW*,I7?y-e"
Ecstatic Yalow,customer,ecstatic yalow711@example.com,2574371127,"O?^jPGzO,,/Y"
Awesome Nobel,customer,awesome nobel712@example.com,1563794988,"'""m%&5-ur5]d"
Modest Keller,customer,modest keller713@example.com,6294948598,6lAu!D{DzL2g
Competent Ptolemy,sales,competent ptolemy714@example.com,4880898015,iu6wt'l0`isc
Crazy Torvalds,customer,crazy torvalds715@example.com,1748183630,D<)gI#\sW#zb
Peaceful Bhaskara,service,peaceful bhaskara716@example.com,1233744905,Adb:<>D=_(UK
Quirky Haslett,service,quirky haslett717@example.com,8612201664,2HkADcpD\geA
Admiring Hermann,sales,admiring hermann718@example.com,4055499050,",U,j"".O*#mwp"
Serene Babbage,service,serene babbage719@example.com,3966856854,{E|fM{?RfZAe
Loving Kepler,customer,loving kepler720@example.com,0120866338,pmM6I@uPz9*$
Suspicious Mestorf,customer,suspicious mestorf721@example.com,9488527125,g#;u>0>wmc8{
Beautiful Yalow,sales,beautiful yalow722@example.com,1898302136,glb)Z]kg%eNq
Naughty Carson,customer,naughty carson723@example.com,9973584289,W3^y_SYrsR^\
Silly Nash,customer,silly nash724@example.com,3322085503,DmnNSg$.PQqk
Pensive Dirac,customer,pensive dirac725@example.com,8605287981,J2tqt5:^}CQn
Vigorous Almeida,sales,vigorous almeida726@example.com,4342870886,_>W804N1e|6P
Quizzical Thompson,service,quizzical thompson727@example.com,5793609066,sJ&;)hgC<RZk
Pedantic Feistel,customer,pedantic feistel728@example.com,5598150228,qve%C$jK>eMJ
Focused Joliot,customer,focused joliot729@example.com,5878791607,W8=Fkm-G-tkA
Admiring Hertz,customer,admiring hertz730@example.com,1478012265,k-5R#?wlj6il
Eager Mirzakhani,service,eager mirzakhani731@example.com,6118983541,~{R'9yIC-0g{
Affectionate Tesla,sales,affectionate tesla732@example.com,4961291335,VO%;Cvnxog-7
Sleepy Leavitt,sales,sleepy leavitt733@example.com,9114832336,6H%0/Z^@uwp9
Competent Montalcini,customer,competent montalcini734@example.com,6933857504,%p'FD)YPbO6m
Trusting Golick,sales,trusting golick735@example.com,9619910270,Y[LBhjjM&5<$
Tender Driscoll,service,tender driscoll736@example.com,7551774966,;z{E'Xm:kR5+
Practical Shirley,service,practical shirley737@example.com,8424845331,^n/<k*lo4^pI
Quizzical Ishizaka,service,quizzical ishizaka738@example.com,8311871578,BV=p35ZD!!B7
Hungry Williamson,service,hungry williamson739@example.com,5254847839,83~|nQqq{UMR
Pedantic Easley,customer,pedantic easley740@example.com,0047605114,I;ECDhC94s'[
Ecstatic Chebyshev,sales,ecstatic chebyshev741@example.com,5694727724,DFo6\X?}pb.D
Great Panini,sales,great panini742@example.com,0652379845,h&!Z}rB(y]PV
Exciting Beaver,service,exciting beaver743@example.com,6022595974,Xn~#~?7:$~:2
Vibrant Herschel,sales,vibrant herschel744@example.com,7470400588,"KwF,v|4O&c#3"
Intelligent Varahamihira,service,intelligent varahamihira745@example.com,8619892715,~e?{8OqsEc[X
Busy Feistel,service,busy feistel746@example.com,5694032450,Ghti.mCb_fp'
Condescending Jemison,sales,condescending jemison747@example.com,2038939906,<+22=yK(Th;@
Relaxed Knuth,sales,relaxed knuth748@example.com,0149474733,DAwsh+KaTKtt
Sweet Montalcini,service,sweet montalcini749@example.com,3286969059,A{V26ht}.Sc(
Eloquent Stonebraker,sales,eloquent stonebraker750@example.com,0110495467,"s@%t\`:[J""z0"
Upbeat Haslett,service,upbeat haslett751@example.com,3717977242,~TBYR;Z*Pc^_
Charming Morse,customer,charming morse752@example.com,6145059393,"R_(~M""&.P'f\"
Thirsty Wu,service,thirsty wu753@example.com,5853484531,+eE(]!fod]SO
Pensive Davinci,customer,pensive davinci754@example.com,7011645985,(<4c}A%ww_D_
Amazing Leavitt,service,amazing leavitt755@example.com,7006363393,"FY""TJExH[R,8"
Bold Chatelet,customer,bold chatelet756@example.com,4445050070,KjB}{>J*0;P?
Kind Euclid,sales,kind euclid757@example.com,1196276664,";u?Mq""jjY],="
Nifty Fermat,sales,nifty fermat758@example.com,7379407181,:\\JfODI3Cy8
Clever Bardeen,service,clever bardeen759@example.com,2359635194,ao5tO7}4B}_u
Naughty Jang,sales,naughty jang760@example.com,8855956263,Fv#r0H.e6&1.
Angry Panini,customer,angry panini761@example.com,9856960446,b(6xHk17{I^*
Condescending Northcutt,service,condescending northcutt762@example.com,7976305026,"lyVH*P$,Xu=e"
Suspicious Blackburn,customer,suspicious blackburn763@example.com,5255680031,Qf--C*DB$PD*
Boring Wilbur,sales,boring wilbur764@example.com,5196929123,wGH^8l;[>j)c
Quirky Benz,customer,quirky benz765@example.com,0711949895,"\_zH,e/}uIC6"
Competent Varahamihira,sales,competent varahamihira766@example.com,6497160441,Ocs-OK\?/vy/
Strange Liskov,service,strange liskov767@example.com,9877392427,][~2Ns7r9zSy
Laughing Panini,customer,laughing panini768@example.com,9392351539,^iz4q41AS`Oc
Jolly Mclean,service,jolly mclean769@example.com,2756236483,7WjOT~?S[7[b
Compassionate Perlman,customer,compassionate perlman770@example.com,3850566206,*3M)QdY\t%+-
Adoring Nobel,customer,adoring nobel771@example.com,2136003989,"*ACzDW=L*Hv,"
Ecstatic Hellman,service,ecstatic hellman772@example.com,6647781098,"1,,Eoz_.U70e"
Stupefied Poitras,sales,stupefied poitras773@example.com,3134204326,:#)&VA[9{X'a
Eager Kapitsa,sales,eager kapitsa774@example.com,9909543682,QEr%R.I&opXI
Angry Wu,service,angry wu775@example.com,6194843794,"$sU""3L[3i-`B"
Elated Allen,sales,elated allen776@example.com,7033905101,"L`'SDEX,VdCf"
Adoring Volhard,service,adoring volhard777@example.com,9751493584,IX{J!qd#?jN%
Sharp Keller,service,sharp keller778@example.com,6480466485,7:E|A/{AuQ6#
Optimistic Ardinghelli,sales,optimistic ardinghelli779@example.com,8233153608,47HEARTD~5v|
Ecstatic Turing,service,ecstatic turing780@example.com,8181033083,|Yuk28FoXPiU
Awesome Easley,sales,awesome easley781@example.com,1739661120,)2e;6ov4M`1?
Agitated Taussig,sales,agitated taussig782@example.com,2584948973,g:25qWE5Kv=8
Frosty Montalcini,customer,frosty montalcini783@example.com,8018842754,F.iXy|VRS&Fp
Funny Edison,sales,funny edison784@example.com,8305234757,\Ty]>3N$6EXQ
Cool Cerf,customer,cool cerf785@example.com,4370153162,"L^Zoz/A,~Cfd"
Wonderful Hofstadter,customer,wonderful hofstadter786@example.com,8133286358,?nET<Mp}{BJ`
Condescending Pike,service,condescending pike787@example.com,5657565529,[j-F2ZQa!9O0
Charming Dubinsky,customer,charming dubinsky788@example.com,0010021343,"<6>a:;^P%,B}"
Romantic Jackson,service,romantic jackson789@example.com,9811187682,uuvHH!%zo.md
Funny Shirley,customer,funny shirley790@example.com,6998287953,(>{qJymt*<j~
Sweet Blackwell,service,sweet blackwell791@example.com,3551103735,E;R^L507/O|p
Hungry Dhawan,sales,hungry dhawan792@example.com,7868062205,"wmoB38O2&""?W"
Unruffled Varahamihira,service,unruffled varahamihira793@example.com,1623311521,oyh/Cy3Ipq!A
Beautiful Morse,customer,beautiful morse794@example.com,5621044857,"{+i""dIE?QD.K"
Zealous Feistel,customer,zealous feistel795@example.com,5900630377,mRl8tbR04j6*
Hungry Clarke,sales,hungry clarke796@example.com,6059530884,8q0rL|J~0Zqo
Great Swanson,customer,great swanson797@example.com,7818126729,"""IR.|)s:@BU1"
Zen Lumiere,sales,zen lumiere798@example.com,4841708992,X+Za<0DepA\U
Friendly Pare,sales,friendly pare799@example.com,8624671253,8hUbKNm_Z?Ap
Adoring Hermann,sales,adoring hermann800@example.com,6200370975,hB/R+OIBdweY
Compassionate Carson,customer,compassionate carson801@example.com,6798394642,2bz')VKH(2/[
Angry Hertz,sales,angry hertz802@example.com,7288608429,Mjhe><yn|B;7
Wizardly Black,sales,wizardly black803@example.com,1675596946,>4ZFR#K`yE@u
Distracted Johnson,customer,distracted johnson804@example.com,2371814399,dA/U8B%8Mm!Y
Jovial Nightingale,customer,jovial nightingale805@example.com,2521335933,"01@2""'v+2CX4"
Nice Almeida,sales,nice almeida806@example.com,4170277725,yR8>/Y\aEeS.
Mystifying Williams,service,mystifying williams807@example.com,5153744823,&)5^2'~~p62=
Happy Sanderson,customer,happy sanderson808@example.com,6679931418,}/@@rJ?/Z>&O
Xenodochial Panini,service,xenodochial panini809@example.com,6320429907,z8g;NcZH@LbW
Distracted Saha,service,distracted saha810@example.com,3306932570,Z_uVeLg0[j|7
Friendly Dhawan,customer,friendly dhawan811@example.com,5851852823,SlJ1_m(9n9_u
Flamboyant Heisenberg,sales,flamboyant heisenberg812@example.com,5334505109,6rL*9d6rXj8*
Hardcore Chebyshev,sales,hardcore chebyshev813@example.com,4262588309,".BG5L8#3!""{2"
Friendly Khorana,sales,friendly khorana814@example.com,1034212977,L-5mGhv\vr%@
Stupefied Swirles,sales,stupefied swirles815@example.com,2165483406,LEOaKd$o;%0$
Wizardly Meitner,sales,wizardly meitner816@example.com,7015381617,dfbeB3Yk:<\l
Laughing Poitras,service,laughing poitras817@example.com,6183869092,wO#\\1`8e+s&
Suspicious Montalcini,customer,suspicious montalcini818@example.com,9317105498,VmY7<qgTcnd~
Beautiful Vaughan,sales,beautiful vaughan819@example.com,5402948405,"H,VP;v~+QZ4"""
Happy Ellis,customer,happy ellis820@example.com,4813004822,Z5[@BjTemlHN
Frosty Chaplygin,sales,frosty chaplygin821@example.com,2885607795,m6)hw/g*m;XQ
Hopeful Franklin,customer,hopeful franklin822@example.com,3176988737,HqncKO!_/rFh
Frosty Wright,sales,frosty wright823@example.com,7180369805,4S{7@b9q<W$1
Epic Lamarr,service,epic lamarr824@example.com,7924879936,l`_yamBP0iyC
Xenodochial Chaum,sales,xenodochial chaum825@example.com,9584077620,fnc!fUCN9m^-
Compassionate Wiles,customer,compassionate wiles826@example.com,6107721494,"&{c{~,N^*)M."
Elegant Wu,service,elegant wu827@example.com,9811947262,;yb~yb%Wf^R)
Angry Ardinghelli,service,angry ardinghelli828@example.com,2435881921,g-.M'L}UJl.]
Crazy Curie,sales,crazy curie829@example.com,4446072263,mFYqg\-Tu7e>
Cranky Snyder,customer,cranky snyder830@example.com,0853257858,"am""5@GF'.F,:"
Mystifying Jones,service,mystifying jones831@example.com,1346829929,"L$Av,,qh@`Q4"
Heuristic Hoover,customer,heuristic hoover832@example.com,1046342549,\SE.MH]JY-ZE
Determined Galileo,sales,determined galileo833@example.com,0555017889,c|WoF+R{qa\r
Sleepy Swartz,sales,sleepy swartz834@example.com,0539434873,T~PNat2QShI)
Nifty Volhard,customer,nifty volhard835@example.com,4021783533,g0?MXAI!bZw[
Elastic Germain,customer,elastic germain836@example.com,4928601284,Ibp\K^LF!L79
Cranky Dhawan,sales,cranky dhawan837@example.com,1280679481,@}c@AK/KR&kl
Tender Goldwasser,service,tender goldwasser838@example.com,3864656088,:Q($iRArYDp1
Awesome Faraday,service,awesome faraday839@example.com,2233911913,"(Z_3`q=s,AEo"
Naughty Montalcini,customer,naughty montalcini840@example.com,8599215110,SF2uWuB*-8Hq
Recursing Wright,customer,recursing wright841@example.com,3384200108,AeJy5@t92e[S
Magical Thompson,customer,magical thompson842@example.com,7371610005,9}@W[j4g\4z&
Gifted Fermi,customer,gifted fermi843@example.com,5668458548,w7_fS<{0]@o-
Pedantic Joliot,customer,pedantic joliot844@example.com,7014526345,U9lNj}R4lUjO
Tender Mclean,sales,tender mclean845@example.com,6613930789,{D%H0sM+*R0P
Laughing Meitner,sales,laughing meitner846@example.com,7667512652,83|z}naWW?'F
Infallible Williams,sales,infallible williams847@example.com,7864678511,18a{`9;)[`mn
Hopeful Jepsen,service,hopeful jepsen848@example.com,6560865836,mk}}>|ImxJ~:
Pensive Jennings,sales,pensive jennings849@example.com,0343393479,m\e#eM[s\Fb?
Upbeat Ardinghelli,sales,upbeat ardinghelli850@example.com,0949687006,"'5""PrO_h0]PW"
Exciting Keller,sales,exciting keller851@example.com,6957815388,-5+YN'7{oY`u
Jovial Greider,customer,jovial greider852@example.com,8165541954,{3gdX%qjN8nq
Angry Poincare,service,angry poincare853@example.com,1410535689,xrkIrQ7oV}8e
Kind Hugle,service,kind hugle854@example.com,5188356207,+qvZ0l?Se&fy
Stupefied Goodall,sales,stupefied goodall855@example.com,6784176076,"9{&\we{=""/rR"
Strange Hamilton,customer,strange hamilton856@example.com,5975900842,5II;Y;)~W2hC
Competent Bouman,sales,competent bouman857@example.com,0525838065,zYzBnhmVkoyu
Quirky Brattain,service,quirky brattain858@example.com,9445403326,"4'?]*""z&#uRa"
Tender Bouman,customer,tender bouman859@example.com,5670084933,]^<~5G1`n%xz
Lucid Robinson,service,lucid robinson860@example.com,9834746390,D9bZoTu*fhb)
Agitated Knuth,service,agitated knuth861@example.com,6755497516,",#|sB-#^G}O8"
Cranky Burnell,sales,cranky burnell862@example.com,5897427594,"s&QvHb-\?""G*"
Vigorous Shirley,service,vigorous shirley863@example.com,0835608126,'[%hARi\Opva
Clever Margulis,sales,clever margulis864@example.com,0320756369,C(3:+gNZF5oa
Zen Brahmagupta,customer,zen brahmagupta865@example.com,6152883520,m;UU-)](.fYL
Gallant Edison,service,gallant edison866@example.com,9163447958,(aeSqiXZZKoD
Bold Goldberg,service,bold goldberg867@example.com,2742439810,_YdTyhBArTL'
Eloquent Matsumoto,customer,eloquent matsumoto868@example.com,0233158115,"Vw:,%_jpp4V4"
Confident Ishizaka,customer,confident ishizaka869@example.com,0698963588,YoPOiEhj'zI1
Gallant Brown,sales,gallant brown870@example.com,8338536213,"NEBg*:80&%n"""
Strange Tereshkova,customer,strange tereshkova871@example.com,5423041678,~^dR)DZyW!s@
Jovial Dirac,customer,jovial dirac872@example.com,4450950110,ap'*#]^a/3y6
Dazzling Wilson,service,dazzling wilson873@example.com,4174457972,"""fxCK4|t^Ha4"
Focused Saha,service,focused saha874@example.com,9435853204,4U/=\StN@fU|
Elastic Hamilton,service,elastic hamilton875@example.com,6918952296,"0z"",eg3UXPQP"
Objective Mclean,customer,objective mclean876@example.com,2813349597,/{C^V^UE*(_~
Nervous Ellis,customer,nervous ellis877@example.com,0478117537,ZZJHESwn!oMv
Ecstatic Black,sales,ecstatic black878@example.com,0867527926,RlY^X|x'n3d?
Nostalgic Rhodes,service,nostalgic rhodes879@example.com,1094559624,~J<XYb<&L[\x
Practical Hopper,sales,practical hopper880@example.com,5809573997,eFgr2;JFAo{z
Upbeat Turing,customer,upbeat turing881@example.com,6024416866,upq'S#p&Tx)V
Hungry Fermi,sales,hungry fermi882@example.com,6622091553,PCe@kvV)K;HF
Awesome Hellman,sales,awesome hellman883@example.com,5059584510,Zvk;!ikoSQ\L
Angry Lederberg,sales,angry lederberg884@example.com,6285716466,"b85L^|Y|,u6T"
Wizardly Wright,service,wizardly wright885@example.com,1794179225,US@v1~RAzKo%
Stupefied Albattani,sales,stupefied albattani886@example.com,3210188915,">=P^a,W-k_zp"
Xenodochial Driscoll,sales,xenodochial driscoll887@example.com,4589045984,RP:u9f5YfDC;
Elegant Margulis,service,elegant margulis888@example.com,9378078887,"B<a<d$$""w1NV"
Suspicious Leakey,service,suspicious leakey889@example.com,4248744823,.j%s45Rv9om<
Dazzling Ganguly,sales,dazzling ganguly890@example.com,9125298506,=^UZm#MuTX&s
Tender Euler,sales,tender euler891@example.com,9061096183,JTgz>63>I!tI
Mystifying Murdock,service,mystifying murdock892@example.com,0460851806,HjE\;Ou>WM8g
Trusting Curran,customer,trusting curran893@example.com,5600318572,yJLfCF_&k0$2
Trusting Poitras,sales,trusting poitras894@example.com,7197915744,nkYX+[CiHoy|
Objective Satoshi,customer,objective satoshi895@example.com,7126323337,siBxL#PiY+}w
Admiring Mendeleev,sales,admiring mendeleev896@example.com,9031662349,:HxgHw%vK[va
Peaceful Rosalind,customer,peaceful rosalind897@example.com,9633643098,lt+Bqvg|J?Cc
Gifted Williamson,sales,gifted williamson898@example.com,1965491427,';yebM29omF!
Exciting Fermi,customer,exciting fermi899@example.com,5064198555,6bycoU/-tN'Q
Clever Cohen,customer,clever cohen900@example.com,6696943403,d8{<4u<SeUoE
Pensive Greider,customer,pensive greider901@example.com,2048434158,"7//G%'""$Qz*r"
Hopeful Elbakyan,sales,hopeful elbakyan902@example.com,8592140573,"knE`o""G\RR~8"
Nostalgic Hugle,service,nostalgic hugle903@example.com,3597616501,CC7=8;xIE\/u
Compassionate Pike,customer,compassionate pike904@example.com,7182438385,3x~Jt[kY'LK#
Magical Brown,service,magical brown905@example.com,3742500503,.uiV(egmLY[*
Strange Euclid,sales,strange euclid906@example.com,7725051718,"MJI<b3D.BVZ"""
Trusting Matsumoto,service,trusting matsumoto907@example.com,5502058200,i$6kW?m<N)5l
Hardcore Roentgen,customer,hardcore roentgen908@example.com,1910843458,{bH&wL9k$@*h
Keen Galileo,service,keen galileo909@example.com,6084701746,K-y!2Q}zbqku
Bold Chatterjee,sales,bold chatterjee910@example.com,8568573026,zse'^7q)3dX>
Exciting Turing,sales,exciting turing911@example.com,0161532539,sn`az(FB-Q`a
Nervous Lewin,customer,nervous lewin912@example.com,5809756111,j8[?XkvS0HdC
Blissful Sammet,sales,blissful sammet913@example.com,1911524490,"!t3lmd""u':f;"
Agitated Bouman,sales,agitated bouman914@example.com,6752543689,o(?zJ%=~|Thk
Zen Cray,customer,zen cray915@example.com,4673543890,.R~d/2%.7=Xn
Sad Williams,sales,sad williams916@example.com,6171070534,*kz(#\Yd%wP{
Quizzical Lalande,service,quizzical lalande917@example.com,9681250794,}HH.ccykuaZX
Boring Swanson,customer,boring swanson918@example.com,1854853881,MYaOnVf@>})V
Adoring Shamir,service,adoring shamir919@example.com,1251121415,sic)!o;kvoRN
Determined Morse,service,determined morse920@example.com,7693998096,FAa|f4<\98Fz
Affectionate Bhabha,sales,affectionate bhabha921@example.com,6429826720,_7A0s;o$hBs}
Hopeful Mendeleev,service,hopeful mendeleev922@example.com,1684022171,|+nGoGyCoR6g
Nostalgic Leavitt,customer,nostalgic leavitt923@example.com,0087164458,:g2fRU7H8e[g
Vibrant Ganguly,service,vibrant ganguly924@example.com,8102722112,"j,;PgBgw,l;7"
Dazzling Nash,customer,dazzling nash925@example.com,2612343157,">C.D:=%2""|=Z"
Sharp Carver,sales,sharp carver926@example.com,2113205099,[+4a^o[I3o%C
Confident Noyce,sales,confident noyce927@example.com,8605993014,t34}.}rc?:}j
Strange Driscoll,sales,strange driscoll928@example.com,6182928263,"xq\9XBx""5Yz*"
Determined Mccarthy,service,determined mccarthy929@example.com,7657237958,%/$g0&|T<2UX
Fervent Shamir,service,fervent shamir930@example.com,4943250563,pI[iY&F<XBMj
Condescending Almeida,sales,condescending almeida931@example.com,8774841783,x24@:bq'KFnn
Interesting Gagarin,sales,interesting gagarin932@example.com,0817934281,"$xg,*-_=rB(="
Quirky Cohen,customer,quirky cohen933@example.com,3696237647,_W&{Tl8a+1Ja
Great Saha,service,great saha934@example.com,8972547608,"y0~@.V""%CYcU"
Eloquent Merkle,service,eloquent merkle935@example.com,4632436520,JgfpK][|@vK_
Compassionate Thompson,customer,compassionate thompson936@example.com,2557609085,eg+OYG)QG+EJ
Cool Snyder,service,cool snyder937@example.com,1500333773,e<[5<2HkKgFr
Tender Johnson,sales,tender johnson938@example.com,3304330519,x+Uu8|SZ6<N2
Loving Swanson,sales,loving swanson939@example.com,0712995750,Rb~{ER1~+$z>
Blissful Davinci,sales,blissful davinci940@example.com,8349908200,"j^Cf6@R!<,CE"
Cool Kare,sales,cool kare941@example.com,0228110212,V}lr7P1pZwly
Modest Sutherland,customer,modest sutherland942@example.com,4976399754,",{]f10_6zWOm"
Adoring Swanson,sales,adoring swanson943@example.com,8898137174,!V~`S^Pp0*~`
Thirsty Sutherland,sales,thirsty sutherland944@example.com,5178664167,"h8*wH""$Ke8Q["
Festive Bell,sales,festive bell945@example.com,5725846383,W+{t5-c8tpHG
Distracted Pike,customer,distracted pike946@example.com,0529796670,Fl~$ybcJK$V4
Magical Hertz,customer,magical hertz947@example.com,0815762904,8M`?45A9G]xK
Awesome Vaughan,service,awesome vaughan948@example.com,8530989192,/jOC37SbkSb=
Hardcore Rhodes,customer,hardcore rhodes949@example.com,8357552494,5N!/QsB{+37A
Frosty Hawking,service,frosty hawking950@example.com,5352662893,"p/vGJiB5J,xl"
Gracious Wiles,customer,gracious wiles951@example.com,2417859890,sb0y\m~.9Db$
Peaceful Hopper,sales,peaceful hopper952@example.com,7759473911,E8]`4b/K(Qfk
Eager Mayer,service,eager mayer953@example.com,5205804529,&`*lV?`kGxjE
Gracious Sammet,service,gracious sammet954@example.com,5296038007,HQgjM<I.DvH~
Exciting Nobel,sales,exciting nobel955@example.com,0075339210,QTkmpdjP)!\*
Frosty Wilbur,customer,frosty wilbur956@example.com,3336358962,RQG2wBIb\[B~
Wonderful Jepsen,customer,wonderful jepsen957@example.com,9351601130,"7m`cUd,u'A}$"
Boring Hofstadter,sales,boring hofstadter958@example.com,3470782341,Ft#t@FAhW'xz
Compassionate Nash,service,compassionate nash959@example.com,3400886903,E'`WpLnNxeWU
Admiring Jang,sales,admiring jang960@example.com,8304439126,UqI~.7w>R@V@
Heuristic Rubin,service,heuristic rubin961@example.com,8217456014,"Q6Fe,;ojt<tI"
Funny Cannon,sales,funny cannon962@example.com,0344200880,fGAe(YZgoZyE
Jolly Goldberg,service,jolly goldberg963@example.com,8236621672,50g(?SCZ7TsB
Blissful Ritchie,customer,blissful ritchie964@example.com,2936463970,tF:^%bj1lvq9
Elegant Gauss,service,elegant gauss965@example.com,9012444378,*mwaotu`>fZs
Gallant Ramanujan,service,gallant ramanujan966@example.com,2457908104,"{jsRV+M>""*AO"
Flamboyant Brahmagupta,customer,flamboyant brahmagupta967@example.com,2596776842,<0xd6N@^Plv>
Vibrant Mclean,service,vibrant mclean968@example.com,3154005497,3bj=P:6**iYf
Interesting Galois,customer,interesting galois969@example.com,7904002247,t={5pjL?B{;k
Practical Jang,customer,practical jang970@example.com,5622258781,QWmeB`055*QR
Suspicious Lewin,customer,suspicious lewin971@example.com,7459581595,dGZHvi?m#%6s
Fervent Hawking,customer,fervent hawking972@example.com,9151120742,.Xb#o'N>#ksF
Elastic Hofstadter,customer,elastic hofstadter973@example.com,2429629038,~+8tk}@)aZV#
Ecstatic Tereshkova,service,ecstatic tereshkova974@example.com,5460950107,x_5m{q<;F5$[
Frosty Diffie,service,frosty diffie975@example.com,9133615794,<Ke*/osWL>#I
Objective Fermi,customer,objective fermi976@example.com,2944393017,x9?fIN-KPzX:
Elastic Wozniak,service,elastic wozniak977@example.com,1035657483,IN!LA)-N}6`s
Sweet Chandrasekhar,service,sweet chandrasekhar978@example.com,0583163009,r}s+yCTS(m&\
Inspiring Blackburn,customer,inspiring blackburn979@example.com,8169737764,l4.l2qMII(7$
Gallant Khayyam,service,gallant khayyam980@example.com,2842891156,T8?37:fMhLX#
Great Mirzakhani,sales,great mirzakhani981@example.com,0616724961,"_~;#>:""?D>V;"
Upbeat Goldstine,sales,upbeat goldstine982@example.com,2711084041,"pBJM,;b+C:U<"
Nervous Chatterjee,sales,nervous chatterjee983@example.com,3415022268,",vNe3NE<+y42"
Romantic Rubin,service,romantic rubin984@example.com,9422210203,XIc/WetGQS%(
Mystifying Mendeleev,sales,mystifying mendeleev985@example.com,2710211540,If#CGt^sJtpk
Unruffled Hypatia,service,unruffled hypatia986@example.com,9650011411,J~j`j[\.EU4b
Determined Tereshkova,customer,determined tereshkova987@example.com,8010643733,K*d9sqtfhU+!
Infallible Spence,service,infallible spence988@example.com,9761868005,A9M-mt0fTD:w
Sad Hawking,service,sad hawking989@example.com,4927805932,LZ>}NvBE]R&R
Festive Cori,service,festive cori990@example.com,9298054983,JrQ?4ytq?)b:
Stupefied Spence,service,stupefied spence991@example.com,1815405837,b%2~Q|`soS(o
Peaceful Tesla,sales,peaceful tesla992@example.com,4133259300,"w2wz-WR,[d8`"
Kind Mclaren,sales,kind mclaren993@example.com,5339967253,bNH%A{y/p3lc
Goofy Brahmagupta,sales,goofy brahmagupta994@example.com,0035431292,`ANwu\bwXNiQ
Frosty Dijkstra,sales,frosty dijkstra995@example.com,7587082654,3|k|b6{V-.9}
Dreamy Torvalds,sales,dreamy torvalds996@example.com,4342871243,9*_D2\j{;z8E
Relaxed Albattani,customer,relaxed albattani997@example.com,2555283384,_j\gs*~=NUz^
Gracious Tu,customer,gracious tu998@example.com,6904721695,"J0j""jZ<*QDZI"
Mystifying Mahavira,customer,mystifying mahavira999@example.com,0796519721,'i'<OrLgi?/}
Sad Dijkstra,service,sad dijkstra1000@example.com,7893236904,"T;,4kw[N_i0i"
